# This file was produced by the NASA Exoplanet Archive  http://exoplanetarchive.ipac.caltech.edu,,
# Thu Jul 13 17:08:39 2023,,
#,,
# User preference: *,,
#,,
# CONSTRAINT:  where (discoverymethod like '%Transit%',,
# CONSTRAINT:  and pl_orbsmaxstr not null,,
# CONSTRAINT:  and st_lumstr not null),,
# CONSTRAINT:  order by pl_name desc,,
#,,
# COLUMN pl_name:        Planet Name,,
# COLUMN discoverymethod: Discovery Method,,
# COLUMN pl_orbsmax:     Orbit Semi-Major Axis [au]),,
# COLUMN st_lum:         Stellar Luminosity [log(Solar)],,
#,,
pl_name,pl_orbsmax,st_lum
pi Men c,0.069,0.16
XO-7 b,0.04421,0.431
XO-6 b,0.0815,0.536
XO-5 b,0.0515,-0.06
XO-4 b,0.05524,0.536
XO-3 b,0.0476,0.706
XO-2 N b,0.0368,-0.088
XO-1 b,0.0488,-0.086
Wolf 503 b,0.05712,-0.676
Wendelstein-2 b,0.0234,-0.834
Wendelstein-1 b,0.0282,-0.938
WTS-2 b,0.01855,-0.288
WTS-1 b,0.047,0.088
WD 1856+534 b,0.0204,-4.12
WASP-99 b,0.0717,0.543
WASP-98 b,0.03762,-0.358
WASP-97 b,0.03303,0.071
WASP-96 b,0.0453,0.032
WASP-95 b,0.03416,0.178
WASP-94 A b,0.055,0.51
WASP-93 b,0.04211,0.618
WASP-92 b,0.0348,0.275
WASP-91 b,0.037,-0.383
WASP-90 b,0.0562,0.63
WASP-89 b,0.0427,-0.343
WASP-88 b,0.06431,0.724
WASP-87 b,0.02946,0.537
WASP-85 A b,0.039,-0.071
WASP-84 c,0.02359,-0.325
WASP-84 b,0.0778,-0.325
WASP-83 b,0.059,-0.05
WASP-82 b,0.0447,0.794
WASP-81 b,0.03908,0.246
WASP-80 b,0.0344,-1.04
WASP-8 b,0.0801,-0.058
WASP-79 b,0.0519,0.664
WASP-78 b,0.03488,0.763
WASP-77 A b,0.02335,-0.129
WASP-76 b,0.033,0.689
WASP-75 b,0.0375,0.304
WASP-74 b,0.03443,0.4
WASP-73 b,0.05512,0.795
WASP-72 b,0.03711,0.724
WASP-71 b,0.04622,0.768
WASP-70 A b,0.04853,0.162
WASP-7 b,0.0617,0.537
WASP-69 b,0.04525,-0.468
WASP-68 b,0.06206,0.505
WASP-67 b,0.05179,-0.294
WASP-66 b,0.0546,0.637
WASP-65 b,0.0334,0.055
WASP-64 b,0.02648,-0.022
WASP-63 b,0.0574,0.449
WASP-62 b,0.0571,0.346
WASP-61 b,0.0521,0.425
WASP-60 b,0.05548,0.347
WASP-6 b,0.04217,-0.297
WASP-59 b,0.0697,-0.794
WASP-58 b,0.0562,0.16
WASP-57 b,0.03769,-0.005
WASP-56 b,0.05614,0.103
WASP-55 b,0.0558,0.163
WASP-54 b,0.04988,0.575
WASP-53 b,0.04101,-0.463
WASP-52 b,0.0272,-0.354
WASP-50 b,0.0293,-0.198
WASP-5 b,0.0267,0.067
WASP-49 b,0.0379,-0.053
WASP-48 b,0.03444,0.58
WASP-47 e,0.01673,0.032
WASP-47 d,0.085,0.032
WASP-47 b,0.052,0.032
WASP-46 b,0.02335,-0.111
WASP-45 b,0.03963,-0.336
WASP-44 b,0.03453,-0.198
WASP-43 b,0.0142,-0.825
WASP-42 b,0.0561,-0.361
WASP-41 b,0.04022,-0.195
WASP-4 b,0.0226,-0.179
WASP-39 b,0.0486,-0.128
WASP-38 b,0.07522,0.453
WASP-37 b,0.0446,-0.021
WASP-36 b,0.02677,0.001
WASP-35 b,0.04317,0.144
WASP-34 b,0.0524,0.039
WASP-33 b,0.0239,0.819
WASP-32 b,0.0394,0.193
WASP-31 b,0.04659,0.336
WASP-3 b,0.0315,0.434
WASP-29 b,0.0457,-0.525
WASP-28 b,0.0442,0.15
WASP-26 b,0.04,0.287
WASP-25 b,0.0473,-0.143
WASP-24 b,0.03651,0.331
WASP-23 b,0.0376,-0.377
WASP-22 b,0.047,0.245
WASP-21 b,0.052,0.304
WASP-20 b,0.06,0.338
WASP-2 b,0.03144,-0.313
WASP-192 b,0.0408,0.282
WASP-190 b,0.0663,0.691
WASP-19 b,0.01652,-0.043
WASP-189 b,0.05053,1.262
WASP-187 b,0.0653,0.967
WASP-186 b,0.06,0.5
WASP-185 b,0.0904,0.412
WASP-184 b,0.0627,0.501
WASP-183 b,0.04632,-0.209
WASP-182 b,0.0451,0.155
WASP-181 b,0.05427,0.049
WASP-180 A b,0.048,0.315
WASP-18 c,0.035,0.383
WASP-18 b,0.02024,0.428
WASP-178 b,0.0558,1.215
WASP-177 b,0.03957,-0.412
WASP-176 b,0.0535,0.617
WASP-175 b,0.04403,0.789
WASP-174 b,0.05503,0.436
WASP-173 A b,0.0248,0.083
WASP-172 b,0.0694,0.934
WASP-171 b,0.0504,0.672
WASP-170 b,0.0337,-0.114
WASP-17 b,0.0515,0.613
WASP-169 b,0.0681,0.789
WASP-168 b,0.0519,0.155
WASP-167 b,0.0365,0.897
WASP-166 b,0.0641,0.283
WASP-165 b,0.04823,0.428
WASP-164 b,0.02818,-0.067
WASP-163 b,0.0266,-0.076
WASP-162 b,0.0871,0.054
WASP-161 b,0.0673,0.647
WASP-160 B b,0.0452,-0.318
WASP-16 b,0.0415,0.01
WASP-159 b,0.0538,0.678
WASP-158 b,0.0517,0.483
WASP-157 b,0.0499,0.079
WASP-156 b,0.0453,-0.435
WASP-153 b,0.048,0.46
WASP-151 b,0.055,0.145
WASP-150 b,0.0694,0.558
WASP-15 b,0.05165,0.49
WASP-148 b,0.08215,-0.139
WASP-147 b,0.0549,0.287
WASP-145 A b,0.0261,-0.684
WASP-144 b,0.0316,-0.129
WASP-142 b,0.0347,0.513
WASP-141 b,0.0469,0.315
WASP-140 b,0.0323,-0.294
WASP-14 b,0.037,0.427
WASP-139 b,0.062,-0.345
WASP-138 b,0.0494,0.435
WASP-136 b,0.0661,0.823
WASP-135 b,0.0243,-0.326
WASP-133 b,0.0345,0.305
WASP-132 c,0.0182,-0.597
WASP-132 b,0.067,-0.597
WASP-131 b,0.0607,0.53
WASP-130 b,0.1012,-0.032
WASP-13 b,0.05362,0.436
WASP-129 b,0.0628,0.112
WASP-127 b,0.0484,0.276
WASP-126 b,0.0449,0.159
WASP-124 b,0.0449,0.149
WASP-123 b,0.04263,0.162
WASP-121 b,0.02596,0.644
WASP-120 b,0.0514,0.675
WASP-12 b,0.0232,0.597
WASP-119 b,0.0363,0.075
WASP-118 b,0.05453,0.659
WASP-117 b,0.09459,0.274
WASP-114 b,0.02851,0.333
WASP-113 b,0.05885,0.516
WASP-11 b,0.0435,0
WASP-107 b,0.055,-0.879
WASP-106 b,0.0917,0.422
WASP-105 b,0.075,-0.024
WASP-104 b,0.02918,-0.19
WASP-103 b,0.01985,0.413
WASP-101 b,0.05057,0.421
WASP-100 b,0.04574,0.766
WASP-10 b,0.03781,-0.64
WASP-1 b,0.03889,0.441
V1298 Tau e,0.308,-0.02
V1298 Tau d,0.1083,-0.02
V1298 Tau c,0.0825,-0.02
V1298 Tau b,0.1688,-0.02
TrES-5 b,0.02459,-0.344
TrES-4 b,0.05084,0.726
TrES-3 b,0.02282,-0.204
TrES-2 b,0.03563,0.038
TrES-1 b,0.03925,-0.301
TRAPPIST-1 h,0.06189,-3.257
TRAPPIST-1 g,0.04683,-3.257
TRAPPIST-1 f,0.03849,-3.257
TRAPPIST-1 e,0.02925,-3.257
TRAPPIST-1 d,0.02227,-3.257
TRAPPIST-1 c,0.0158,-3.257
TRAPPIST-1 b,0.01154,-3.257
TOI-969 b,0.02636,-0.7
TOI-954 b,0.04963,0.535
TOI-942 c,0.08598,-0.359
TOI-942 b,0.04866,-0.359
TOI-908 b,0.041657,-0.04
TOI-905 b,0.04666,-0.137
TOI-892 b,0.092,0.431
TOI-849 b,0.01598,-0.218
TOI-836 c,0.075,-0.853
TOI-836 b,0.0422,-0.853
TOI-833 b,0.0171,-1.111
TOI-824 b,0.02177,-0.71
TOI-813 b,0.423,0.619
TOI-778 b,0.06,0.76
TOI-776 c,0.1,-1.31
TOI-776 b,0.0652,-1.31
TOI-763 c,0.1011,-0.154
TOI-763 b,0.06,-0.154
TOI-733 b,0.0618,-0.086
TOI-715 b,0.083,-2.309
TOI-712 d,0.3405,-0.728
TOI-712 c,0.2447,-0.728
TOI-712 b,0.07928,-0.728
TOI-700 e,0.134,-1.64
TOI-700 d,0.1633,-1.64
TOI-700 c,0.0929,-1.64
TOI-700 b,0.0677,-1.64
TOI-677 b,0.1038,0.312
TOI-674 b,0.025,-1.614
TOI-640 b,0.06608,0.834
TOI-628 b,0.0486,0.394
TOI-620 b,0.04825,-1.288
TOI-5678 b,0.249,-0.131
TOI-564 b,0.02734,0.033
TOI-561 e,0.328,-0.273
TOI-561 d,0.158,-0.273
TOI-561 c,0.0884,-0.273
TOI-561 b,0.0106,-0.273
TOI-559 b,0.0723,0.227
TOI-558 b,0.1291,0.547
TOI-5542 b,0.332,1.057
TOI-544 b,0.0251,-0.9
TOI-540 b,0.01223,-2.461
TOI-532 b,0.0296,-1.095
TOI-530 b,0.052,-1.31
TOI-5205 b,0.0199,-1.712
TOI-519 b,0.0159,-1.851
TOI-5153 b,0.158,0.464
TOI-500 b,0.01189,-0.7
TOI-481 b,0.097,0.435
TOI-4791 b,0.0555,0.38
TOI-4603 b,0.0888,1.017
TOI-4562 b,0.768,0.253
TOI-451 d,0.1208,-0.189
TOI-451 c,0.0823,-0.189
TOI-451 b,0.0283,-0.189
TOI-4479 b,0.0164,-1.604
TOI-4463 A b,0.04036,0.011
TOI-4406 b,0.201,0.362
TOI-4342 c,0.0814,-1.127
TOI-4342 b,0.05251,-1.127
TOI-431 d,0.098,-0.565
TOI-431 b,0.0113,-0.565
TOI-421 c,0.1189,-0.268
TOI-421 b,0.056,-0.268
TOI-4145 A b,0.04823,-0.287
TOI-4137 b,0.05222,0.439
TOI-4127 b,0.3081,0.316
TOI-4087 b,0.04469,0.176
TOI-4010 d,0.113,-0.4
TOI-4010 c,0.058,-0.4
TOI-4010 b,0.0229,-0.4
TOI-3976 A b,0.0743,0.413
TOI-3912 b,0.0463,0.273
TOI-3884 b,0.0354,-2.032
TOI-3819 b,0.04611,0.4
TOI-3807 b,0.0421,0.332
TOI-3757 b,0.03845,-1.06
TOI-3714 b,0.027,-1.438
TOI-3693 b,0.0813,-0.344
TOI-3688 A b,0.0456,0.283
TOI-3629 b,0.043,-1.2
TOI-3540 A b,0.04289,0.19
TOI-3364 b,0.0675,0.286
TOI-3362 b,0.153,0.739
TOI-3331 A b,0.03144,-0.093
TOI-3235 b,0.02709,-1.79
TOI-3023 b,0.0505,0.444
TOI-2977 b,0.03386,0.037
TOI-2842 b,0.0475,0.246
TOI-2818 b,0.0493,0.164
TOI-2803 A b,0.03185,0.336
TOI-2796 b,0.0569,0.055
TOI-277 b,0.0269,-1.35
TOI-270 d,0.0721,-1.712
TOI-270 c,0.04526,-1.712
TOI-270 b,0.03197,-1.712
TOI-269 b,0.0345,-1.647
TOI-2589 b,0.3,-0.004
TOI-2587 A b,0.0635,0.471
TOI-2583 A b,0.0571,0.388
TOI-2570 b,0.04145,0.079
TOI-257 b,0.1528,0.636
TOI-2567 b,0.0672,0.405
TOI-2525 c,0.249,-0.44
TOI-2525 b,0.1511,-0.44
TOI-251 b,0.05741,-0.08
TOI-2498 b,0.0491,0.271
TOI-2497 b,0.1166,1.167
TOI-2445 b,0.0064,-2.084
TOI-244 b,0.0559,-1.643
TOI-2427 b,0.0202,-0.942
TOI-2421 b,0.0543,0.436
TOI-2411 b,0.0144,-0.871
TOI-2406 b,0.0228,0.531
TOI-237 b,0.0341,-2.387
TOI-2364 b,0.04871,-0.252
TOI-2338 b,0.158,-0.013
TOI-2285 b,0.1363,-1.542
TOI-2260 b,0.0097,-0.199
TOI-2257 b,0.145,-1.867
TOI-2236 b,0.05009,0.533
TOI-2207 b,0.0854,0.484
TOI-2202 c,0.15544,-0.401
TOI-2202 b,0.09564,-0.401
TOI-220 b,0.08911,-0.267
TOI-2196 b,0.02234,-0.004
TOI-2193 A b,0.03319,0.25
TOI-2180 b,0.828,0.406
TOI-216.02,0.1293,-0.442
TOI-216.01,0.2069,-0.442
TOI-2158 b,0.075,0.231
TOI-2154 b,0.0513,0.435
TOI-2152 A b,0.05064,0.653
TOI-2145 b,0.1108,0.997
TOI-2136 b,0.057,-1.886
TOI-2109 b,0.01791,0.673
TOI-2096 c,0.04,-2.228
TOI-2096 b,0.025,-2.228
TOI-2081 b,0.0752,-1.338
TOI-2076 d,0.1539,-0.423
TOI-2076 c,0.1093,-0.423
TOI-2076 b,0.0682,-0.423
TOI-206 b,0.0112,-1.836
TOI-2025 b,0.0892,0.387
TOI-201 b,0.3,0.415
TOI-2000 c,0.0878,0.06
TOI-2000 b,0.04271,0.06
TOI-1937 A b,0.01932,0.08
TOI-1899 b,0.1587,-1.057
TOI-1860 b,0.0204,-0.095
TOI-1859 b,0.337,0.477
TOI-1842 b,0.1001,0.74
TOI-1820 b,0.061,0.294
TOI-1811 b,0.04389,-0.56
TOI-181 b,0.0539,-0.526
TOI-1807 b,0.00812,-0.671
TOI-1789 b,0.04882,0.736
TOI-178 g,0.1275,-0.879
TOI-178 f,0.1039,-0.879
TOI-178 e,0.0783,-0.879
TOI-178 d,0.0592,-0.879
TOI-178 c,0.037,-0.879
TOI-178 b,0.02607,-0.879
TOI-1759 b,0.1177,-1.057
TOI-1749 d,0.0707,-1.156
TOI-1749 c,0.0443,-1.156
TOI-1749 b,0.0291,-1.156
TOI-1728 b,0.0391,-1.056
TOI-172 b,0.0914,0.461
TOI-1710 b,0.16,-0.05
TOI-1696 b,0.0229,-2.148
TOI-1695 b,0.033548,-1.354
TOI-1693 b,0.0226,-1.554
TOI-169 b,0.03524,0.253
TOI-1685 b,0.011557,-1.519
TOI-1670 c,0.249,0.4
TOI-1670 b,0.103,0.4
TOI-1634 b,0.01545,-1.539
TOI-163 b,0.058,0.636
TOI-1601 b,0.06864,0.732
TOI-157 b,0.03138,0.02
TOI-1518 b,0.0389,1.462
TOI-150.01,0.07037,0.497
TOI-1478 b,0.0903,-0.013
TOI-1452 b,0.061,-2.155
TOI-1442 b,0.0071,-1.977
TOI-1431 b,0.046,1.068
TOI-1422 b,0.108,0.048
TOI-1416 b,0.019,-0.46
TOI-1411 b,0.023,-0.882
TOI-1338 b,0.4607,0.329
TOI-1333 b,0.0626,0.713
TOI-132 b,0.026,-0.222
TOI-1298 b,0.059,0.334
TOI-1296 b,0.0497,0.39
TOI-1288 b,0.0429,-0.167
TOI-1278 b,0.095,-1.212
TOI-1272 b,0.0412,-0.438
TOI-1268 b,0.0711,-0.288
TOI-1266 c,0.1058,-1.58
TOI-1266 b,0.0736,-1.58
TOI-1260 d,0.1116,-0.889
TOI-1260 c,0.0657,-0.889
TOI-1260 b,0.0367,-0.889
TOI-1259 A b,0.0407,-0.59
TOI-125 d,0.137,-0.285
TOI-125 c,0.0814,-0.285
TOI-125 b,0.05186,-0.285
TOI-1246 e,0.211,-0.316
TOI-1246 d,0.131,-0.316
TOI-1246 c,0.061,-0.316
TOI-1246 b,0.049,-0.316
TOI-1235 b,0.03845,-1.054
TOI-1231 b,0.1288,-1.487
TOI-1227 b,0.0886,-2.6
TOI-1221 b,0.387,-0.017
TOI-122 b,0.0392,-1.854
TOI-1201 b,0.0287,-1.469
TOI-1130 c,0.07098,-0.854
TOI-1130 b,0.04394,-0.854
TOI-1107 b,0.0561,0.671
TOI-1075 b,0.01159,-1.144
TOI-1064 c,0.09429,-0.623
TOI-1064 b,0.06152,-0.623
TOI-1062 b,0.052,-0.274
TIC 279401253 c,0.591,0.097
TIC 279401253 b,0.369,0.097
TIC 257060897 b,0.051,0.61
TIC 237913194 b,0.1207,0.078
TIC 172900988 b,0.90281,0.671
Qatar-9 b,0.0234,-0.821
Qatar-8 b,0.0474,0.228
Qatar-7 b,0.0352,0.563
Qatar-6 b,0.0423,-0.514
Qatar-5 b,0.04127,0.056
Qatar-4 b,0.02803,-0.318
Qatar-3 b,0.03783,0.279
Qatar-2 b,0.02153,-0.683
Qatar-10 b,0.0286,0.3
Qatar-1 b,0.02332,-0.438
POTS-1 b,0.03734,-1.087
PH2 b,0.828,-0.102
PH1 b,0.652,0.66
OGLE2-TR-L9 b,0.0308,0.512
OGLE-TR-56 b,0.02383,0.35
OGLE-TR-211 b,0.051,0.267
OGLE-TR-182 b,0.051,0.241
OGLE-TR-132 b,0.03035,0.371
OGLE-TR-113 b,0.02289,-0.529
OGLE-TR-111 b,0.0473,-0.339
OGLE-TR-10 b,0.0434,0.188
NGTS-9 b,0.058,0.389
NGTS-8 b,0.035,-0.21
NGTS-6 b,0.01677,-0.592
NGTS-5 b,0.0382,-0.511
NGTS-4 b,0.019,-0.353
NGTS-3 A b,0.023,-0.144
NGTS-25 b,0.0388,-0.292
NGTS-24 b,0.0479,0.446
NGTS-23 b,0.0504,0.283
NGTS-21 b,0.0236,-0.539
NGTS-20 b,0.313,0.645
NGTS-2 b,0.063,0.631
NGTS-18 b,0.0448,0.27
NGTS-17 b,0.0391,0.241
NGTS-16 b,0.0523,0.117
NGTS-15 b,0.0441,-0.086
NGTS-14 A b,0.0403,-0.311
NGTS-13 b,0.0549,0.517
NGTS-12 b,0.0757,0.338
NGTS-11 b,0.201,-0.395
NGTS-10 b,0.0143,-0.757
NGTS-1 b,0.0326,-1.153
MASCARA-4 b,0.047,1.087
MASCARA-1 b,0.040352,1.083
Lupus-TR-3 b,0.0464,-1.464
LTT 9779 b,0.01679,-0.149
LTT 3780 c,0.07673,-1.777
LTT 3780 b,0.01211,-1.777
LTT 1445 A c,0.02661,-2.046
LTT 1445 A b,0.03813,-2.046
LP 890-9 c,0.03984,-2.841
LP 890-9 b,0.01875,-2.841
LP 791-18 d,0.01992,-2.638
LP 791-18 c,0.02961,-2.638
LP 791-18 b,0.00978,-2.638
LP 714-47 b,0.0417,-1.125
LHS 3844 b,0.00622,-2.565
LHS 1815 b,0.0404,-1.387
LHS 1678 c,0.0331,-1.839
LHS 1678 b,0.01251,-1.839
LHS 1478 b,0.01848,-2.146
LHS 1140 c,0.02734,-2.488
LHS 1140 b,0.0957,-2.488
L 98-59 d,0.0506,-1.948
L 98-59 c,0.0317,-1.948
L 98-59 b,0.02191,-1.948
L 168-9 b,0.02091,-1.172
Kepler-999 b,0.0681,0.538
Kepler-998 b,0.0626,0.193
Kepler-997 b,0.0397,0.496
Kepler-996 b,0.0474,0.242
Kepler-995 b,0.1701,-0.419
Kepler-994 b,0.0177,-1.139
Kepler-993 b,0.13,-1.229
Kepler-992 b,0.1339,-0.57
Kepler-991 b,0.3104,-0.831
Kepler-990 c,0.0127,-0.05
Kepler-990 b,0.0883,-0.05
Kepler-99 b,0.0503,-0.585
Kepler-989 b,0.0734,-0.427
Kepler-988 b,0.1085,-1.047
Kepler-987 b,0.4238,-0.145
Kepler-986 b,0.276,-0.047
Kepler-985 b,0.4451,-0.283
Kepler-984 b,0.2327,-0.108
Kepler-983 b,0.3148,0.15
Kepler-982 b,0.1291,0.511
Kepler-981 b,0.0535,-0.081
Kepler-980 b,0.1005,0.262
Kepler-98 b,0.0256,-0.133
Kepler-979 b,0.0753,-0.32
Kepler-978 b,0.2726,0.143
Kepler-977 b,0.162,-0.476
Kepler-976 b,0.4217,-0.36
Kepler-975 c,0.0567,-0.512
Kepler-975 b,0.0303,-0.512
Kepler-974 b,0.0419,-1.354
Kepler-973 b,0.2508,-0.344
Kepler-972 b,0.0734,0.191
Kepler-971 b,0.0827,-0.299
Kepler-970 b,0.139,-0.775
Kepler-97 b,0.0356,-0.025
Kepler-969 c,0.0272,-0.389
Kepler-969 b,0.2027,-0.389
Kepler-968 c,0.052,-0.763
Kepler-968 b,0.0389,-0.763
Kepler-967 c,0.6253,-0.718
Kepler-967 b,0.1027,-0.718
Kepler-966 b,0.3907,0.233
Kepler-965 b,0.512,0.148
Kepler-964 b,0.1063,-0.306
Kepler-963 b,0.0849,-0.225
Kepler-962 b,0.0984,-0.261
Kepler-961 b,0.1245,-0.194
Kepler-960 b,0.0414,-0.629
Kepler-96 b,0.1235,-0.052
Kepler-959 b,0.1633,0.738
Kepler-958 b,0.0852,-0.282
Kepler-957 b,0.0559,-0.468
Kepler-956 b,0.0596,0.052
Kepler-955 b,0.1083,-0.409
Kepler-954 b,0.118,-0.572
Kepler-953 c,0.0862,-0.119
Kepler-953 b,0.392,-0.119
Kepler-952 b,0.5183,0.097
Kepler-951 b,0.3091,-0.642
Kepler-950 b,0.3982,0.355
Kepler-95 b,0.1017,0.281
Kepler-949 c,0.1394,-0.442
Kepler-949 b,0.0774,-0.442
Kepler-948 b,0.0749,-0.109
Kepler-947 b,0.1773,0.142
Kepler-946 b,0.1002,0.134
Kepler-945 b,0.2037,0.024
Kepler-944 b,0.2288,-0.078
Kepler-943 b,0.2559,0.407
Kepler-942 b,0.2298,-0.585
Kepler-941 b,0.1311,-0.206
Kepler-940 b,0.3059,-0.057
Kepler-94 b,0.03106,-0.613
Kepler-939 b,0.1153,0.391
Kepler-938 b,0.2689,-0.174
Kepler-937 c,0.5545,0.281
Kepler-937 b,0.3214,0.281
Kepler-936 b,0.0954,-0.19
Kepler-935 b,0.0527,-0.639
Kepler-934 b,0.2658,-0.478
Kepler-933 b,0.1041,-0.211
Kepler-932 b,0.0279,-0.322
Kepler-931 b,0.0719,-0.35
Kepler-930 b,0.3475,0.378
Kepler-93 b,0.05343,-0.106
Kepler-929 b,0.0192,0.461
Kepler-928 b,0.0444,-0.719
Kepler-927 b,0.0866,-0.086
Kepler-926 b,0.2739,0.173
Kepler-925 b,0.1805,-0.684
Kepler-924 b,0.3359,0.314
Kepler-923 b,0.0715,0.333
Kepler-922 b,0.0182,-0.133
Kepler-921 b,0.2716,-0.03
Kepler-920 c,0.4029,-0.183
Kepler-920 b,0.065,-0.183
Kepler-92 d,0.2754,0.558
Kepler-92 c,0.1829,0.558
Kepler-92 b,0.1174,0.558
Kepler-919 b,0.0981,0.167
Kepler-918 b,0.0569,-0.018
Kepler-917 b,0.0378,0.764
Kepler-916 b,0.1885,-0.278
Kepler-915 b,0.0566,0.506
Kepler-914 b,0.0544,0.245
Kepler-913 c,0.0699,-0.282
Kepler-913 b,0.1009,-0.282
Kepler-912 b,0.0339,0.552
Kepler-911 b,0.1549,0.707
Kepler-910 b,0.0382,0.494
Kepler-91 b,0.0731,1.225
Kepler-909 b,0.1175,0.273
Kepler-908 b,0.0247,0.264
Kepler-907 b,0.1225,0.378
Kepler-906 b,0.2359,0.096
Kepler-905 b,0.0572,-0.215
Kepler-904 b,0.0417,0.154
Kepler-903 c,0.302,0.365
Kepler-903 b,0.0907,0.365
Kepler-902 b,0.223,0.108
Kepler-901 b,0.0378,-0.984
Kepler-900 b,0.0679,-0.608
Kepler-9 d,0.0273,0.037
Kepler-9 c,0.227,-0.038
Kepler-9 b,0.143,-0.038
Kepler-899 b,0.1392,0.048
Kepler-898 b,0.0545,-0.875
Kepler-897 b,0.077,0.288
Kepler-896 c,0.1792,0.481
Kepler-896 b,0.5164,0.481
Kepler-895 b,0.0328,-0.854
Kepler-894 b,0.0916,-0.123
Kepler-893 b,0.0699,0.06
Kepler-892 b,0.1015,-0.735
Kepler-891 b,0.2881,0.588
Kepler-890 b,0.2944,0.327
Kepler-889 b,0.0492,0.383
Kepler-888 b,0.328,-0.043
Kepler-887 c,0.0797,0.446
Kepler-887 b,0.1536,0.446
Kepler-886 b,0.067,0.042
Kepler-885 b,0.1432,0.417
Kepler-884 b,0.0622,-0.313
Kepler-883 b,0.1055,0.296
Kepler-882 b,0.0449,-0.273
Kepler-881 b,0.0552,0.12
Kepler-880 c,0.1216,0.666
Kepler-880 b,0.0915,0.666
Kepler-879 b,0.2012,0.033
Kepler-878 b,0.165,-0.174
Kepler-877 b,0.1301,-0.343
Kepler-876 b,0.0549,-0.338
Kepler-875 b,0.1771,0.135
Kepler-874 b,0.2234,0.138
Kepler-873 b,0.1542,0.134
Kepler-872 b,0.0362,-0.146
Kepler-871 b,0.1572,0.309
Kepler-870 b,0.1539,0.043
Kepler-87 c,0.676,0.326
Kepler-87 b,0.481,0.326
Kepler-869 b,0.2244,-0.11
Kepler-868 b,0.0575,0.068
Kepler-867 b,0.5375,0.117
Kepler-866 b,0.0331,-0.705
Kepler-865 c,0.061,-0.298
Kepler-865 b,0.1057,-0.298
Kepler-864 c,0.0382,0.208
Kepler-864 b,0.0687,0.208
Kepler-863 b,0.122,0.215
Kepler-862 b,0.039,-0.103
Kepler-861 b,0.0463,-0.427
Kepler-860 b,0.058,-0.157
Kepler-859 b,0.1345,-0.556
Kepler-858 b,0.3403,-0.113
Kepler-857 b,0.3751,-0.071
Kepler-856 b,0.0787,-0.022
Kepler-855 b,0.0762,0.333
Kepler-853 b,0.0779,0.51
Kepler-852 b,0.2654,0.827
Kepler-851 b,0.0802,-0.273
Kepler-850 b,0.0744,0.173
Kepler-85 e,0.163,-0.212
Kepler-85 d,0.13,-0.212
Kepler-85 c,0.1007,-0.212
Kepler-85 b,0.0766,-0.212
Kepler-849 b,1.1088,0.605
Kepler-848 b,0.072,0.594
Kepler-847 b,0.0315,-0.507
Kepler-846 b,0.1399,-0.217
Kepler-845 b,0.017,-0.605
Kepler-844 b,0.0298,-0.921
Kepler-843 b,0.0313,-0.047
Kepler-842 b,0.0204,-0.612
Kepler-841 b,0.479,-0.362
Kepler-84 f,0.25,0.212
Kepler-84 e,0.181,0.212
Kepler-84 d,0.052,0.212
Kepler-84 c,0.1072,0.212
Kepler-84 b,0.0827,0.212
Kepler-839 b,0.2341,0.437
Kepler-838 b,0.1266,-0.099
Kepler-837 b,0.1144,-0.271
Kepler-836 b,0.1013,0.049
Kepler-835 b,0.107,0.33
Kepler-834 b,0.0862,-0.745
Kepler-833 b,0.1139,-0.793
Kepler-832 b,0.075,0.07
Kepler-831 b,0.0603,0.012
Kepler-830 b,0.1033,0.169
Kepler-83 d,0.051,-1.102
Kepler-83 c,0.11796,-1.102
Kepler-83 b,0.07295,-1.102
Kepler-829 b,0.0678,0.04
Kepler-828 b,0.0125,-0.543
Kepler-827 b,0.2742,0.232
Kepler-826 b,0.0528,0.349
Kepler-825 c,0.0759,0.12
Kepler-825 b,0.0453,0.12
Kepler-824 b,0.055,0.122
Kepler-823 b,0.0507,0.335
Kepler-822 b,0.0412,-0.005
Kepler-821 b,0.029,-0.364
Kepler-820 b,0.5829,0.689
Kepler-82 f,0.3395,-0.225
Kepler-82 e,0.063,-0.185
Kepler-82 d,0.034,-0.185
Kepler-82 c,0.2626,-0.185
Kepler-82 b,0.1683,-0.185
Kepler-819 b,0.1894,-0.398
Kepler-818 b,0.0886,-0.124
Kepler-817 b,0.0493,0.086
Kepler-816 b,0.0895,-0.374
Kepler-815 b,0.0888,0.857
Kepler-814 b,0.0695,0.669
Kepler-813 b,0.1439,-0.071
Kepler-812 b,0.1024,0.752
Kepler-811 b,0.1583,0.323
Kepler-810 b,0.055,-0.032
Kepler-81 d,0.128,-0.889
Kepler-81 c,0.08347,-0.889
Kepler-81 b,0.0522,-0.889
Kepler-809 b,0.2901,0.001
Kepler-808 b,0.0116,-0.684
Kepler-807 b,0.4884,0.228
Kepler-806 b,0.0764,0.407
Kepler-805 b,0.1978,0.541
Kepler-804 c,0.0872,0.05
Kepler-804 b,0.1137,0.05
Kepler-803 b,0.2678,0.241
Kepler-802 b,0.2265,-0.226
Kepler-801 b,0.0795,-0.798
Kepler-800 b,0.1106,-0.358
Kepler-80 f,0.0175,-0.77
Kepler-80 e,0.0491,-0.77
Kepler-80 d,0.0372,-0.77
Kepler-80 c,0.0792,-0.77
Kepler-80 b,0.0648,-0.77
Kepler-8 b,0.0474,0.605
Kepler-799 c,0.1214,0.349
Kepler-799 b,0.5167,0.349
Kepler-798 b,0.1174,0.222
Kepler-797 b,0.181,0.47
Kepler-796 b,0.0662,0.572
Kepler-795 b,0.1817,-0.022
Kepler-794 b,0.1036,0.506
Kepler-793 b,0.0491,0.11
Kepler-792 b,0.0988,0.274
Kepler-791 b,0.1256,0.403
Kepler-790 b,0.101,-0.424
Kepler-79 e,0.386,0.342
Kepler-79 d,0.287,0.342
Kepler-79 c,0.187,0.342
Kepler-79 b,0.117,0.342
Kepler-789 b,0.0951,0.496
Kepler-788 b,0.0835,0.336
Kepler-787 b,0.0159,-0.895
Kepler-786 b,0.2548,-0.583
Kepler-785 b,0.025,-0.683
Kepler-784 c,0.1309,0.857
Kepler-784 b,0.1967,0.857
Kepler-783 c,0.0684,-0.231
Kepler-783 b,0.0491,-0.231
Kepler-782 b,0.5444,0.11
Kepler-781 b,0.1019,-0.384
Kepler-780 b,0.015,0.017
Kepler-78 b,0.00901,-0.498
Kepler-779 b,0.0533,-1.234
Kepler-778 b,0.0453,-0.413
Kepler-777 b,0.0519,-0.968
Kepler-776 b,0.0523,-0.437
Kepler-775 b,0.0187,-0.267
Kepler-774 b,0.1114,0.753
Kepler-773 b,0.047,0.095
Kepler-772 b,0.1071,0.475
Kepler-771 b,0.0843,0.355
Kepler-770 d,0.0616,0.054
Kepler-770 c,0.0309,0.054
Kepler-770 b,0.1694,0.054
Kepler-77 b,0.04501,-0.046
Kepler-769 c,0.1297,0.179
Kepler-769 b,0.0778,0.179
Kepler-768 b,0.092,-0.466
Kepler-767 b,0.5874,0.476
Kepler-766 b,0.066,0.451
Kepler-765 b,0.1754,0.146
Kepler-764 b,0.0724,-0.136
Kepler-763 d,0.0634,-0.334
Kepler-763 c,0.0466,-0.334
Kepler-763 b,0.0205,-0.334
Kepler-762 b,0.0493,0.318
Kepler-761 b,0.0874,-0.117
Kepler-760 c,0.0333,-0.28
Kepler-760 b,0.0772,-0.28
Kepler-759 b,0.2329,0.061
Kepler-758 e,0.0785,0.563
Kepler-758 d,0.1447,0.563
Kepler-758 c,0.0547,0.563
Kepler-758 b,0.1019,0.563
Kepler-757 b,0.019,0.16
Kepler-756 b,0.0219,-0.358
Kepler-755 c,0.0367,-0.457
Kepler-755 b,0.0214,-0.457
Kepler-754 b,0.116,0.416
Kepler-753 b,0.054,-0.865
Kepler-752 b,0.1353,-0.125
Kepler-751 b,0.1263,-0.264
Kepler-750 c,0.0533,0.344
Kepler-750 b,0.093,0.344
Kepler-75 b,0.0818,-0.215
Kepler-749 b,0.1054,-0.494
Kepler-748 b,0.0745,0.36
Kepler-747 b,0.1916,-0.432
Kepler-746 b,0.0435,-0.172
Kepler-745 b,0.0915,0.376
Kepler-744 b,0.0993,-0.222
Kepler-743 b,0.0418,-0.176
Kepler-742 b,0.0744,-0.692
Kepler-741 b,0.0744,0.332
Kepler-740 b,0.0462,-0.123
Kepler-74 b,0.0781,0.332
Kepler-739 b,0.1054,0.018
Kepler-738 b,0.1552,-0.213
Kepler-737 b,0.1422,-1.301
Kepler-736 b,0.0428,-0.35
Kepler-735 b,0.0965,-0.517
Kepler-734 b,0.0583,0.374
Kepler-733 b,0.1483,-0.298
Kepler-732 c,0.0143,-1.375
Kepler-732 b,0.0691,-1.375
Kepler-731 b,0.0505,0.035
Kepler-730 c,0.03997,0.236
Kepler-730 b,0.0694,0.236
Kepler-729 b,0.0432,0.261
Kepler-728 b,0.0625,0.227
Kepler-727 b,0.0546,-0.317
Kepler-726 b,0.1406,-0.319
Kepler-725 b,0.215,-0.313
Kepler-724 b,0.0433,-0.223
Kepler-723 b,0.0479,-0.172
Kepler-722 c,0.4471,-0.039
Kepler-722 b,0.0514,-0.039
Kepler-721 b,0.0583,-0.362
Kepler-720 b,0.0539,0.032
Kepler-719 b,0.0556,0.448
Kepler-718 b,0.0322,0.134
Kepler-717 b,0.052,0.604
Kepler-716 c,0.046,-0.504
Kepler-716 b,0.0873,-0.504
Kepler-715 b,0.0933,0.165
Kepler-714 b,0.0832,0.46
Kepler-713 b,0.0748,0.085
Kepler-712 c,0.6732,-0.484
Kepler-712 b,0.1378,-0.484
Kepler-711 b,0.1429,-0.499
Kepler-710 b,0.0524,0.265
Kepler-709 b,0.1173,-0.481
Kepler-708 b,0.0426,0.037
Kepler-707 b,0.0325,-0.501
Kepler-706 b,0.2162,-0.218
Kepler-705 b,0.232,-1.385
Kepler-704 b,0.047,0.036
Kepler-703 b,0.0535,0.067
Kepler-702 b,0.088,-0.159
Kepler-701 b,0.0895,-0.276
Kepler-700 b,0.3577,0.23
Kepler-7 b,0.06067,0.696
Kepler-698 b,0.1255,0.388
Kepler-697 b,0.0471,-0.025
Kepler-696 b,0.0535,0.151
Kepler-695 b,0.0374,-0.159
Kepler-694 b,0.0659,-0.078
Kepler-693 b,0.1121,-0.427
Kepler-692 b,0.1495,-0.233
Kepler-691 b,0.0649,-1.305
Kepler-690 b,0.081,0.141
Kepler-69 c,0.64,-0.097
Kepler-69 b,0.094,-0.097
Kepler-689 b,0.1449,-0.153
Kepler-688 b,0.046,-0.024
Kepler-687 b,0.1326,-0.567
Kepler-686 b,0.0258,0.108
Kepler-685 b,0.0265,-0.051
Kepler-684 b,0.064,0.209
Kepler-683 b,0.0355,-0.041
Kepler-682 b,0.1058,0.48
Kepler-681 b,0.1635,-0.457
Kepler-680 b,0.0469,0.197
Kepler-68 c,0.09008,0.231
Kepler-68 b,0.06135,0.231
Kepler-679 b,0.0983,-0.348
Kepler-678 b,0.0732,0.449
Kepler-677 b,0.067,0.39
Kepler-676 b,0.0798,-1.295
Kepler-675 b,0.0325,-0.507
Kepler-674 b,0.028,-0.907
Kepler-673 b,0.0455,-0.344
Kepler-672 b,0.2163,-0.112
Kepler-671 b,0.0503,-0.081
Kepler-670 b,0.0383,-0.1
Kepler-67 b,0.1171,-0.376
Kepler-669 b,0.0529,0.358
Kepler-668 b,0.0768,-0.396
Kepler-667 b,0.2288,0.557
Kepler-666 b,0.0542,0.182
Kepler-665 b,0.1148,-0.595
Kepler-664 b,0.0374,-0.111
Kepler-663 b,0.0559,-0.313
Kepler-662 b,0.1408,-0.356
Kepler-661 b,0.0585,-0.814
Kepler-660 b,0.0759,-0.626
Kepler-66 b,0.1352,0.051
Kepler-659 b,0.1204,-0.526
Kepler-658 b,0.0188,-0.899
Kepler-657 b,0.1654,0.279
Kepler-656 c,0.0602,-0.299
Kepler-656 b,0.0232,-0.299
Kepler-655 b,0.2559,0.324
Kepler-654 b,0.1116,0.462
Kepler-653 c,0.0186,0.119
Kepler-653 b,0.1197,0.119
Kepler-652 b,0.0503,-0.27
Kepler-651 b,0.1409,-0.253
Kepler-650 b,0.0421,0.284
Kepler-65 d,0.084,0.467
Kepler-65 c,0.068,0.467
Kepler-65 b,0.035,0.467
Kepler-649 b,0.1805,-0.044
Kepler-648 b,0.1341,-0.053
Kepler-647 c,0.1827,0.418
Kepler-647 b,0.1222,0.418
Kepler-646 b,0.1149,-0.259
Kepler-645 b,0.049,0.451
Kepler-644 b,0.0466,0.71
Kepler-643 b,0.126,0.478
Kepler-642 b,0.0589,0.398
Kepler-641 b,0.0879,0.39
Kepler-640 b,0.1566,-0.024
Kepler-639 b,0.0966,0.483
Kepler-638 b,0.0632,0.532
Kepler-637 b,0.1867,0.382
Kepler-636 b,0.1185,-0.374
Kepler-635 b,0.1764,0.735
Kepler-634 b,0.0578,0.421
Kepler-633 c,0.1618,0.16
Kepler-633 b,0.0815,0.16
Kepler-632 b,0.1885,-0.292
Kepler-631 b,0.1447,0.389
Kepler-630 b,0.5729,0.302
Kepler-63 b,0.08,-0.157
Kepler-629 b,0.0712,-0.283
Kepler-628 b,0.1241,0.604
Kepler-627 b,0.2327,0.385
Kepler-626 b,0.115,-0.042
Kepler-625 c,0.0508,0.406
Kepler-625 b,0.0768,0.406
Kepler-624 b,0.1172,0.291
Kepler-623 b,0.0854,-0.318
Kepler-622 b,0.0978,-0.862
Kepler-621 b,0.031,-0.759
Kepler-620 b,0.1053,0.341
Kepler-62 f,0.718,-0.678
Kepler-62 e,0.427,-0.678
Kepler-62 d,0.12,-0.678
Kepler-62 c,0.0929,-0.678
Kepler-62 b,0.0553,-0.678
Kepler-619 c,0.0225,-0.04
Kepler-619 b,0.0611,-0.04
Kepler-618 d,0.1021,-0.04
Kepler-618 b,0.046,0.173
Kepler-617 b,0.0219,-1.305
Kepler-616 d,0.2749,-0.111
Kepler-616 c,0.4024,-0.111
Kepler-616 b,0.0927,-0.111
Kepler-615 b,0.085,-0.695
Kepler-614 b,0.1027,-0.418
Kepler-613 b,0.1232,-0.057
Kepler-612 b,0.0452,0.305
Kepler-611 b,0.0351,0.383
Kepler-610 c,0.5594,-0.11
Kepler-610 b,0.0719,-0.11
Kepler-61 b,0.24861,-0.971
Kepler-609 b,0.0682,0.065
Kepler-608 b,0.0685,0.041
Kepler-607 c,0.2122,-0.382
Kepler-607 b,0.0135,-0.382
Kepler-606 b,0.17,0.254
Kepler-605 c,0.033,-0.248
Kepler-605 b,0.042,-0.248
Kepler-604 b,0.1735,0.092
Kepler-603 d,0.0666,0.392
Kepler-603 c,0.5001,0.392
Kepler-603 b,0.1502,0.392
Kepler-602 b,0.1224,0.326
Kepler-601 b,0.056,-0.428
Kepler-600 b,0.1536,-0.339
Kepler-60 d,0.1012,0.369
Kepler-60 c,0.0835,0.369
Kepler-60 b,0.0719,0.369
Kepler-6 b,0.04852,0.189
Kepler-599 b,0.1128,-0.522
Kepler-598 c,0.3576,-0.258
Kepler-598 b,0.0438,-0.258
Kepler-597 b,0.1056,-0.033
Kepler-596 b,0.156,0.314
Kepler-595 c,0.0983,-0.348
Kepler-595 b,0.1582,-0.348
Kepler-594 b,0.1089,-0.193
Kepler-593 b,0.1508,0.079
Kepler-592 b,0.0397,0.185
Kepler-591 b,0.3554,-0.078
Kepler-590 b,0.0647,0.477
Kepler-59 c,0.1372,0.324
Kepler-59 b,0.104,0.324
Kepler-589 c,0.0426,-0.347
Kepler-589 b,0.1196,-0.347
Kepler-588 b,0.052,0.207
Kepler-587 b,0.0952,-0.238
Kepler-586 b,0.0331,-0.141
Kepler-585 b,0.0375,-0.163
Kepler-584 b,0.2281,0.52
Kepler-583 b,0.0689,-0.101
Kepler-582 b,0.1254,-0.414
Kepler-581 b,0.2259,-0.169
Kepler-580 b,0.0683,-0.896
Kepler-58 e,0.0533,-0.004
Kepler-58 d,0.236,-0.004
Kepler-58 c,0.1228,-0.004
Kepler-58 b,0.0927,-0.004
Kepler-579 b,0.0854,-0.311
Kepler-578 b,0.0266,-0.337
Kepler-577 b,0.1348,-0.555
Kepler-576 b,0.179,-0.211
Kepler-575 b,0.0788,-0.084
Kepler-574 b,0.0723,-0.214
Kepler-573 b,0.1486,0.029
Kepler-572 b,0.1192,-0.434
Kepler-571 b,0.0546,-0.223
Kepler-570 b,0.0497,-0.296
Kepler-57 c,0.096,-0.342
Kepler-57 b,0.06,-0.342
Kepler-569 b,0.1981,-0.107
Kepler-568 b,0.0794,-1.33
Kepler-567 b,0.1229,-0.409
Kepler-566 b,0.1247,-0.524
Kepler-565 b,0.0501,-0.055
Kepler-564 b,0.0484,-0.064
Kepler-563 b,0.1418,-0.444
Kepler-562 b,0.1333,0.016
Kepler-561 c,0.0593,-0.18
Kepler-561 b,0.2918,-0.18
Kepler-560 b,0.0899,-1.717
Kepler-56 c,0.1652,0.905
Kepler-56 b,0.1028,0.905
Kepler-559 b,0.1277,-0.121
Kepler-558 b,0.1759,-0.384
Kepler-557 b,0.0469,0.728
Kepler-556 b,0.0973,-0.048
Kepler-555 b,0.1201,0.264
Kepler-554 b,0.0293,-0.118
Kepler-553 c,0.9084,-0.261
Kepler-553 b,0.0484,-0.261
Kepler-552 b,0.0612,0.063
Kepler-551 b,0.0893,-0.895
Kepler-550 b,0.0747,-0.384
Kepler-55 f,0.081,-0.763
Kepler-55 e,0.048,-0.763
Kepler-55 d,0.029,-0.763
Kepler-55 c,0.2095,-0.763
Kepler-55 b,0.1593,-0.763
Kepler-549 d,0.1575,-0.306
Kepler-549 c,0.4453,-0.306
Kepler-549 b,0.2283,-0.306
Kepler-548 b,0.0495,-0.201
Kepler-547 b,0.058,-0.555
Kepler-546 b,0.0502,0.271
Kepler-545 b,0.1087,0.107
Kepler-544 b,0.1553,0.529
Kepler-543 b,0.098,-0.643
Kepler-542 b,0.1038,-0.122
Kepler-541 b,0.0641,0.755
Kepler-540 b,0.5886,0.207
Kepler-54 d,0.126,-1.301
Kepler-54 c,0.0809,-1.301
Kepler-54 b,0.0619,-1.301
Kepler-539 c,2.42,-0.094
Kepler-539 b,0.4988,-0.06
Kepler-538 b,0.3554,-0.179
Kepler-537 b,0.0442,-0.039
Kepler-536 b,0.0276,-0.214
Kepler-535 b,0.0594,0.341
Kepler-534 c,0.0761,0.147
Kepler-534 b,0.1272,0.147
Kepler-533 b,0.165,-0.62
Kepler-532 b,0.1012,-0.458
Kepler-531 b,0.1694,-0.552
Kepler-530 b,0.2212,-0.132
Kepler-53 d,0.091,0.036
Kepler-53 c,0.2255,0.036
Kepler-53 b,0.139,0.036
Kepler-529 d,0.2134,0.207
Kepler-529 c,0.1075,0.207
Kepler-529 b,0.0309,0.207
Kepler-528 b,0.1409,0.158
Kepler-527 b,0.1179,0.323
Kepler-526 b,0.064,0.351
Kepler-525 b,0.1396,0.525
Kepler-524 c,0.0303,0.439
Kepler-524 b,0.0791,0.439
Kepler-523 b,0.0606,-0.28
Kepler-522 b,0.2551,0.655
Kepler-521 b,0.1699,0.671
Kepler-520 c,0.0594,0.51
Kepler-520 b,0.144,0.51
Kepler-52 d,0.182,-0.996
Kepler-52 c,0.10379,-0.996
Kepler-52 b,0.0637,-0.996
Kepler-519 b,0.1594,-0.335
Kepler-518 b,0.081,-0.04
Kepler-517 b,0.2897,-0.019
Kepler-516 b,0.1992,0.798
Kepler-515 b,0.1333,-0.312
Kepler-514 b,0.0676,0.353
Kepler-513 b,0.1789,0.079
Kepler-512 b,0.2194,0.216
Kepler-511 c,0.1722,0.498
Kepler-511 b,0.8589,0.498
Kepler-510 b,0.134,0.332
Kepler-51 d,0.509,-0.142
Kepler-51 c,0.384,-0.142
Kepler-51 b,0.2514,-0.142
Kepler-509 b,0.2384,0.233
Kepler-508 b,0.1763,0.289
Kepler-507 b,0.0473,0.326
Kepler-506 b,0.075,0.288
Kepler-505 b,0.1445,-1.079
Kepler-504 b,0.0646,-1.577
Kepler-502 b,0.0535,0.349
Kepler-501 c,0.0467,0.216
Kepler-501 b,0.0627,0.216
Kepler-500 b,0.0806,0.116
Kepler-50 c,0.087,0.536
Kepler-50 b,0.077,0.536
Kepler-5 b,0.0538,0.652
Kepler-499 b,0.0598,-0.279
Kepler-498 b,0.0897,0.172
Kepler-497 b,0.0457,0.252
Kepler-496 b,0.0747,-0.416
Kepler-495 c,0.0614,-0.237
Kepler-495 b,0.0427,-0.237
Kepler-494 b,0.0804,0.271
Kepler-493 b,0.0439,0.438
Kepler-491 b,0.0516,-0.057
Kepler-490 b,0.0453,0.365
Kepler-49 e,0.116,-1.131
Kepler-49 d,0.031,-1.131
Kepler-49 c,0.07821,-1.131
Kepler-49 b,0.05929,-1.131
Kepler-489 b,0.1209,-0.518
Kepler-488 b,0.0428,0.145
Kepler-487 d,0.0337,-0.173
Kepler-487 c,0.2141,-0.173
Kepler-487 b,0.1157,-0.173
Kepler-485 b,0.0433,0.079
Kepler-484 b,0.0896,-0.135
Kepler-483 b,0.2072,0.439
Kepler-482 b,0.2537,-0.539
Kepler-481 b,0.0894,0.207
Kepler-480 b,0.0605,0.478
Kepler-48 d,0.2279,-0.289
Kepler-48 c,0.0845,-0.289
Kepler-48 b,0.0528,-0.289
Kepler-479 b,0.0994,-0.409
Kepler-478 b,0.1032,-0.371
Kepler-477 b,0.0911,-0.372
Kepler-476 b,0.1126,0.095
Kepler-475 b,0.0399,-0.464
Kepler-474 b,0.0606,0.417
Kepler-473 b,0.1186,0.525
Kepler-472 b,0.0483,-0.513
Kepler-471 b,0.0626,0.71
Kepler-470 b,0.2322,0.602
Kepler-47 d,0.6992,-0.144
Kepler-47 c,0.9638,-0.076
Kepler-47 b,0.2877,-0.076
Kepler-468 b,0.2213,-0.286
Kepler-467 b,0.1651,0.323
Kepler-466 c,0.0465,-0.067
Kepler-466 b,0.2671,-0.067
Kepler-465 b,0.0953,0.338
Kepler-464 b,0.0765,0.484
Kepler-463 b,0.078,0.079
Kepler-462 c,0.7584,0.926
Kepler-462 b,0.4172,0.926
Kepler-461 b,0.0821,0.246
Kepler-460 c,0.7211,0.641
Kepler-46 d,0.067,-0.378
Kepler-46 c,0.2799,-0.255
Kepler-46 b,0.1968,-0.255
Kepler-458 c,0.154,0.792
Kepler-457 d,0.0996,0.299
Kepler-454 b,0.09528,0.053
Kepler-453 b,0.7903,-0.221
Kepler-452 b,1.046,0.084
Kepler-450 d,0.082,0.554
Kepler-450 c,0.1324,0.554
Kepler-450 b,0.1993,0.554
Kepler-45 b,0.03,-1.276
Kepler-449 c,0.1979,0.296
Kepler-449 b,0.1027,0.296
Kepler-448 c,4.2,0.574
Kepler-447 b,0.0769,-0.19
Kepler-446 d,0.0403,-2.248
Kepler-446 c,0.0283,-2.248
Kepler-446 b,0.0182,-2.248
Kepler-445 d,0.0439,-2.1
Kepler-445 c,0.0301,-2.1
Kepler-445 b,0.0217,-2.1
Kepler-444 f,0.0811,-0.425
Kepler-444 e,0.0696,-0.425
Kepler-444 d,0.06,-0.425
Kepler-444 c,0.04881,-0.425
Kepler-444 b,0.04178,-0.425
Kepler-443 b,0.495,-0.664
Kepler-442 b,0.409,-0.932
Kepler-441 b,0.64,-1.051
Kepler-440 b,0.242,-1.102
Kepler-44 b,0.0446,0.347
Kepler-439 b,0.563,-0.236
Kepler-438 b,0.166,-1.357
Kepler-437 b,0.288,-0.762
Kepler-436 c,0.1158,-0.731
Kepler-436 b,0.339,-0.701
Kepler-435 b,0.0948,1.129
Kepler-434 b,0.1143,0.33
Kepler-433 b,0.0679,0.88
Kepler-432 b,0.301,0.926
Kepler-431 d,0.1045,0.498
Kepler-431 c,0.0847,0.498
Kepler-431 b,0.0719,0.498
Kepler-430 c,0.4757,0.312
Kepler-430 b,0.2244,0.312
Kepler-43 b,0.046,0.326
Kepler-428 b,0.0433,-0.39
Kepler-427 b,0.091,0.29
Kepler-426 b,0.0414,-0.089
Kepler-425 b,0.0464,-0.323
Kepler-424 b,0.044,-0.15
Kepler-423 b,0.03585,-0.018
Kepler-422 b,0.082,0.24
Kepler-421 b,1.219,-0.398
Kepler-42 d,0.0154,-2.62
Kepler-42 c,0.006,-2.62
Kepler-42 b,0.0116,-2.62
Kepler-419 c,1.68,0.713
Kepler-419 b,0.37,0.727
Kepler-418 c,0.1024,0.111
Kepler-418 b,0.3779,0.111
Kepler-417 c,0.1194,-0.411
Kepler-417 b,0.1006,-0.411
Kepler-416 d,0.0407,0.028
Kepler-416 c,0.1021,0.028
Kepler-416 b,0.0658,0.028
Kepler-415 c,0.0695,-0.805
Kepler-415 b,0.0426,-0.805
Kepler-414 c,0.0699,-0.169
Kepler-414 b,0.0527,-0.169
Kepler-413 b,0.3553,-0.43
Kepler-412 b,0.02897,0.269
Kepler-411 e,0.186,-0.584
Kepler-411 d,0.279,-0.579
Kepler-411 c,0.0739,-0.579
Kepler-411 b,0.0375,-0.579
Kepler-410 A b,0.1226,0.435
Kepler-41 b,0.03101,0.262
Kepler-409 b,0.3192,-0.202
Kepler-408 b,0.0359,0.283
Kepler-407 b,0.0149,-0.039
Kepler-406 c,0.0552,0.048
Kepler-406 b,0.0359,0.048
Kepler-405 c,0.188,-0.331
Kepler-405 b,0.095,-0.331
Kepler-404 c,0.118,-0.337
Kepler-404 b,0.102,-0.337
Kepler-403 d,0.1211,0.644
Kepler-403 c,0.297,0.644
Kepler-403 b,0.076,0.644
Kepler-402 e,0.102,0.203
Kepler-402 d,0.087,0.203
Kepler-402 c,0.068,0.203
Kepler-402 b,0.051,0.203
Kepler-401 d,0.6503,0.566
Kepler-401 c,0.269,0.566
Kepler-401 b,0.122,0.566
Kepler-400 c,0.134,0.152
Kepler-400 b,0.087,0.152
Kepler-40 b,0.08,0.819
Kepler-4 b,0.0456,0.354
Kepler-399 d,0.261,-0.418
Kepler-399 c,0.155,-0.418
Kepler-399 b,0.103,-0.418
Kepler-398 d,0.0618,-0.811
Kepler-398 c,0.087,-0.811
Kepler-398 b,0.044,-0.811
Kepler-397 c,0.48,-0.376
Kepler-397 b,0.144,-0.376
Kepler-396 c,0.378,-0.135
Kepler-396 b,0.2336,-0.135
Kepler-395 c,0.177,-1.194
Kepler-395 b,0.061,-1.194
Kepler-394 d,0.0646,0.053
Kepler-394 c,0.11,0.053
Kepler-394 b,0.083,0.053
Kepler-393 c,0.124,0.524
Kepler-393 b,0.091,0.524
Kepler-392 c,0.093,0.195
Kepler-392 b,0.059,0.195
Kepler-391 c,0.161,0.623
Kepler-391 b,0.082,0.623
Kepler-390 c,0.101,-0.352
Kepler-390 b,0.065,-0.352
Kepler-39 b,0.164,0.346
Kepler-389 c,0.11,-0.516
Kepler-389 b,0.041,-0.516
Kepler-388 c,0.093,-0.439
Kepler-388 b,0.036,-0.439
Kepler-387 c,0.098,0.137
Kepler-387 b,0.068,0.137
Kepler-386 c,0.155,-0.402
Kepler-386 b,0.096,-0.402
Kepler-385 d,0.3024,0.144
Kepler-385 c,0.127,0.144
Kepler-385 b,0.097,0.144
Kepler-384 c,0.236,0.396
Kepler-384 b,0.148,0.396
Kepler-383 c,0.172,-0.698
Kepler-383 b,0.095,-0.698
Kepler-382 c,0.097,0.146
Kepler-382 b,0.055,0.146
Kepler-381 d,0.085,0.514
Kepler-381 c,0.117,0.514
Kepler-381 b,0.066,0.514
Kepler-380 c,0.078,0.278
Kepler-380 b,0.05,0.278
Kepler-38 b,0.4632,0.492
Kepler-379 c,0.326,0.28
Kepler-379 b,0.152,0.28
Kepler-378 c,0.166,-0.655
Kepler-378 b,0.112,-0.655
Kepler-377 c,0.182,0.218
Kepler-377 b,0.109,0.218
Kepler-376 c,0.115,0.357
Kepler-376 b,0.057,0.357
Kepler-375 c,0.141,-0.163
Kepler-375 b,0.101,-0.163
Kepler-374 d,0.056,0.274
Kepler-374 c,0.042,0.274
Kepler-374 b,0.029,0.274
Kepler-373 c,0.126,0.212
Kepler-373 b,0.06,0.212
Kepler-372 d,0.201,0.321
Kepler-372 c,0.154,0.321
Kepler-372 b,0.075,0.321
Kepler-371 c,0.313,0.244
Kepler-371 b,0.2,0.244
Kepler-370 c,0.14,0.006
Kepler-370 b,0.054,0.006
Kepler-37 e,0.246,-0.322
Kepler-37 d,0.2109,-0.322
Kepler-37 c,0.139,-0.322
Kepler-37 b,0.1019,-0.322
Kepler-369 c,0.094,-1.42
Kepler-369 b,0.03,-1.42
Kepler-368 c,0.36,0.562
Kepler-368 b,0.186,0.562
Kepler-367 c,0.253,-0.617
Kepler-367 b,0.201,-0.617
Kepler-366 c,0.11,0.573
Kepler-366 b,0.045,0.573
Kepler-365 c,0.137,0.112
Kepler-365 b,0.098,0.112
Kepler-364 c,0.312,0.351
Kepler-364 b,0.178,0.351
Kepler-363 d,0.107,0.365
Kepler-363 c,0.079,0.365
Kepler-363 b,0.048,0.365
Kepler-362 c,0.207,0.209
Kepler-362 b,0.087,0.209
Kepler-361 c,0.3,0.459
Kepler-361 b,0.086,0.459
Kepler-360 c,0.075,-0.132
Kepler-360 b,0.044,-0.132
Kepler-36 c,0.1283,0.51
Kepler-36 b,0.1153,0.51
Kepler-359 d,0.372,-0.097
Kepler-359 c,0.307,-0.097
Kepler-359 b,0.178,-0.097
Kepler-358 c,0.381,-0.138
Kepler-358 b,0.21,-0.138
Kepler-357 d,0.246,-0.556
Kepler-357 c,0.12,-0.556
Kepler-357 b,0.063,-0.556
Kepler-356 c,0.115,0.461
Kepler-356 b,0.057,0.461
Kepler-355 c,0.179,0.195
Kepler-355 b,0.102,0.195
Kepler-354 d,0.146,-0.714
Kepler-354 c,0.115,-0.714
Kepler-354 b,0.054,-0.714
Kepler-353 c,0.065,-1.187
Kepler-353 b,0.051,-1.187
Kepler-352 d,0.0657,-0.432
Kepler-352 c,0.118,-0.432
Kepler-352 b,0.085,-0.432
Kepler-351 d,0.5177,-0.386
Kepler-351 c,0.287,-0.386
Kepler-351 b,0.214,-0.386
Kepler-350 d,0.1786,0.428
Kepler-350 c,0.1385,0.428
Kepler-350 b,0.104,0.428
Kepler-35 b,0.60347,-0.027
Kepler-349 c,0.105,-0.007
Kepler-349 b,0.065,-0.007
Kepler-348 c,0.138,0.433
Kepler-348 b,0.076,0.433
Kepler-347 d,0.3802,0.342
Kepler-347 c,0.183,0.342
Kepler-347 b,0.11,0.342
Kepler-346 c,0.168,-0.153
Kepler-346 b,0.071,-0.153
Kepler-345 c,0.077,-0.495
Kepler-345 b,0.066,-0.495
Kepler-344 c,0.488,-0.185
Kepler-344 b,0.153,-0.185
Kepler-343 c,0.167,0.216
Kepler-343 b,0.088,0.216
Kepler-342 e,0.0293,0.453
Kepler-342 d,0.242,0.453
Kepler-342 c,0.185,0.453
Kepler-342 b,0.128,0.453
Kepler-341 e,0.242,0.127
Kepler-341 d,0.182,0.127
Kepler-341 c,0.08,0.127
Kepler-341 b,0.06,0.127
Kepler-340 c,0.178,0.867
Kepler-340 b,0.134,0.867
Kepler-34 b,1.0896,0.173
Kepler-339 d,0.091,-0.313
Kepler-339 c,0.069,-0.313
Kepler-339 b,0.055,-0.313
Kepler-338 e,0.0893,0.586
Kepler-338 d,0.257,0.586
Kepler-338 c,0.172,0.586
Kepler-338 b,0.117,0.586
Kepler-337 c,0.093,0.481
Kepler-337 b,0.045,0.481
Kepler-336 d,0.154,0.26
Kepler-336 c,0.092,0.26
Kepler-336 b,0.033,0.26
Kepler-335 c,0.356,0.578
Kepler-335 b,0.075,0.578
Kepler-334 d,0.168,0.056
Kepler-334 c,0.107,0.056
Kepler-334 b,0.061,0.056
Kepler-333 c,0.135,-0.928
Kepler-333 b,0.087,-0.928
Kepler-332 d,0.189,-0.584
Kepler-332 c,0.114,-0.584
Kepler-332 b,0.07,-0.584
Kepler-331 d,0.159,-0.784
Kepler-331 c,0.105,-0.784
Kepler-331 b,0.065,-0.784
Kepler-330 c,0.116,-0.442
Kepler-330 b,0.075,-0.442
Kepler-33 f,0.2535,0.556
Kepler-33 e,0.2138,0.556
Kepler-33 d,0.1662,0.556
Kepler-33 c,0.1189,0.556
Kepler-33 b,0.0677,0.556
Kepler-329 c,0.113,-0.971
Kepler-329 b,0.061,-0.971
Kepler-328 c,0.354,0.44
Kepler-328 b,0.2199,0.44
Kepler-327 d,0.09,-1.26
Kepler-327 c,0.047,-1.26
Kepler-327 b,0.029,-1.26
Kepler-326 d,0.066,-0.157
Kepler-326 c,0.051,-0.157
Kepler-326 b,0.032,-0.157
Kepler-325 d,0.22,-0.255
Kepler-325 c,0.105,-0.255
Kepler-325 b,0.053,-0.255
Kepler-324 e,0.1074,-0.308
Kepler-324 c,0.26,-0.308
Kepler-324 b,0.05,-0.308
Kepler-323 c,0.0458,0.151
Kepler-323 b,0.02778,0.151
Kepler-322 c,0.051,-0.288
Kepler-322 b,0.027,-0.288
Kepler-321 c,0.11,-0.008
Kepler-321 b,0.057,-0.008
Kepler-320 c,0.142,0.374
Kepler-320 b,0.085,0.374
Kepler-32 f,0.013,-1.292
Kepler-32 e,0.033,-1.292
Kepler-32 d,0.13,-1.292
Kepler-32 c,0.09,-1.292
Kepler-32 b,0.05,-1.292
Kepler-319 d,0.191,-0.181
Kepler-319 c,0.069,-0.181
Kepler-319 b,0.051,-0.181
Kepler-318 c,0.105,0.004
Kepler-318 b,0.056,0.004
Kepler-317 c,0.083,-0.208
Kepler-317 b,0.061,-0.208
Kepler-316 c,0.058,-0.936
Kepler-316 b,0.027,-0.936
Kepler-315 c,0.791,0.004
Kepler-315 b,0.402,0.004
Kepler-314 c,0.064,-0.226
Kepler-314 b,0.035,-0.226
Kepler-313 c,0.208,0.312
Kepler-313 b,0.125,0.312
Kepler-312 c,0.153,0.598
Kepler-312 b,0.031,0.598
Kepler-311 d,0.7326,0.193
Kepler-311 c,0.145,0.193
Kepler-311 b,0.087,0.193
Kepler-310 d,0.392,-0.239
Kepler-310 c,0.281,-0.239
Kepler-310 b,0.111,-0.239
Kepler-31 d,0.4,0.301
Kepler-31 c,0.26,0.301
Kepler-31 b,0.16,0.301
Kepler-309 c,0.401,-0.574
Kepler-309 b,0.059,-0.574
Kepler-308 c,0.123,-0.116
Kepler-308 b,0.09,-0.116
Kepler-307 c,0.1068,-0.122
Kepler-307 b,0.0917,-0.122
Kepler-306 e,0.227,-0.469
Kepler-306 d,0.12,-0.469
Kepler-306 c,0.067,-0.469
Kepler-306 b,0.05,-0.469
Kepler-305 e,0.0399,-0.423
Kepler-305 d,0.121,-0.423
Kepler-305 c,0.0752,-0.423
Kepler-305 b,0.0571,-0.423
Kepler-304 e,0.0232,-0.662
Kepler-304 d,0.08,-0.662
Kepler-304 c,0.054,-0.662
Kepler-304 b,0.039,-0.662
Kepler-303 c,0.057,-1.066
Kepler-303 b,0.024,-1.066
Kepler-302 c,0.503,0.049
Kepler-302 b,0.193,0.049
Kepler-301 d,0.112,-0.08
Kepler-301 c,0.06,-0.08
Kepler-301 b,0.036,-0.08
Kepler-300 c,0.232,0.34
Kepler-300 b,0.094,0.34
Kepler-30 d,0.5,-0.237
Kepler-30 c,0.3,-0.237
Kepler-30 b,0.18,-0.237
Kepler-299 e,0.22,-0.044
Kepler-299 d,0.118,-0.044
Kepler-299 c,0.07,-0.044
Kepler-299 b,0.04,-0.044
Kepler-298 d,0.305,-0.733
Kepler-298 c,0.136,-0.733
Kepler-298 b,0.08,-0.733
Kepler-297 d,0.523,-0.096
Kepler-297 c,0.336,-0.096
Kepler-297 b,0.217,-0.096
Kepler-296 f,0.255,-1.569
Kepler-296 e,0.169,-1.569
Kepler-296 d,0.118,-1.509
Kepler-296 c,0.0521,-1.509
Kepler-296 b,0.079,-1.509
Kepler-295 d,0.192,0.629
Kepler-295 c,0.142,0.629
Kepler-295 b,0.099,0.629
Kepler-294 c,0.071,-0.148
Kepler-294 b,0.048,-0.148
Kepler-293 c,0.286,-0.233
Kepler-293 b,0.144,-0.233
Kepler-292 f,0.141,-0.337
Kepler-292 e,0.097,-0.337
Kepler-292 d,0.068,-0.337
Kepler-292 c,0.045,-0.337
Kepler-292 b,0.035,-0.337
Kepler-291 c,0.065,0.071
Kepler-291 b,0.047,0.071
Kepler-290 d,0.0154,-0.586
Kepler-290 c,0.205,-0.586
Kepler-290 b,0.11,-0.586
Kepler-29 c,0.1087,-0.297
Kepler-29 b,0.0919,-0.297
Kepler-289 d,0.33,0.061
Kepler-289 c,0.51,0.061
Kepler-289 b,0.21,0.061
Kepler-288 d,0.287,0.056
Kepler-288 c,0.14,0.056
Kepler-288 b,0.065,0.056
Kepler-287 c,0.246,-0.134
Kepler-287 b,0.145,-0.134
Kepler-286 e,0.176,-0.116
Kepler-286 d,0.061,-0.116
Kepler-286 c,0.042,-0.116
Kepler-286 b,0.027,-0.116
Kepler-285 c,0.064,-0.279
Kepler-285 b,0.036,-0.279
Kepler-284 c,0.213,-0.341
Kepler-284 b,0.104,-0.341
Kepler-283 c,0.341,-0.983
Kepler-283 b,0.082,-0.983
Kepler-282 e,0.2269,0.106
Kepler-282 d,0.154,0.106
Kepler-282 c,0.106,0.106
Kepler-282 b,0.082,0.106
Kepler-281 d,0.5456,0.146
Kepler-281 c,0.215,0.146
Kepler-281 b,0.117,0.146
Kepler-280 c,0.056,-0.064
Kepler-280 b,0.032,-0.064
Kepler-28 c,0.081,-0.745
Kepler-28 b,0.062,-0.745
Kepler-279 d,0.2901,0.519
Kepler-279 c,0.2236,0.519
Kepler-279 b,0.112,0.519
Kepler-278 c,0.294,0.62
Kepler-278 b,0.207,0.62
Kepler-277 c,0.2129,0.568
Kepler-277 b,0.1385,0.568
Kepler-276 d,0.2642,-0.089
Kepler-276 c,0.1994,-0.089
Kepler-276 b,0.119,-0.089
Kepler-275 d,0.224,0.449
Kepler-275 c,0.132,0.449
Kepler-275 b,0.098,0.449
Kepler-274 c,0.204,0.201
Kepler-274 b,0.101,0.201
Kepler-273 c,0.073,-0.341
Kepler-273 b,0.037,-0.341
Kepler-272 d,0.091,0.066
Kepler-272 c,0.061,0.066
Kepler-272 b,0.038,0.066
Kepler-271 d,0.0558,-0.253
Kepler-271 c,0.0702,-0.253
Kepler-271 b,0.0881,-0.253
Kepler-270 c,0.18,0.312
Kepler-270 b,0.107,0.312
Kepler-27 d,0.0668,-0.329
Kepler-27 c,0.191,-0.329
Kepler-27 b,0.118,-0.329
Kepler-269 c,0.081,0.368
Kepler-269 b,0.061,0.368
Kepler-268 c,0.391,0.318
Kepler-268 b,0.18,0.318
Kepler-267 d,0.154,-1.229
Kepler-267 c,0.06,-1.229
Kepler-267 b,0.037,-1.229
Kepler-266 c,0.457,0.012
Kepler-266 b,0.071,0.012
Kepler-265 e,0.319,0.005
Kepler-265 d,0.236,0.005
Kepler-265 c,0.127,0.005
Kepler-265 b,0.069,0.005
Kepler-264 c,0.566,0.689
Kepler-264 b,0.249,0.689
Kepler-263 c,0.242,-0.456
Kepler-263 b,0.12,-0.456
Kepler-262 c,0.152,-0.14
Kepler-262 b,0.108,-0.14
Kepler-261 c,0.156,-0.471
Kepler-261 b,0.088,-0.471
Kepler-260 c,0.332,-0.092
Kepler-260 b,0.075,-0.092
Kepler-26 e,0.22,-1.06
Kepler-26 d,0.039,-1.06
Kepler-26 c,0.10725,-1.06
Kepler-26 b,0.08551,-1.06
Kepler-259 c,0.217,-0.153
Kepler-259 b,0.079,-0.153
Kepler-258 c,0.193,-0.575
Kepler-258 b,0.103,-0.575
Kepler-257 d,0.16,-0.378
Kepler-257 c,0.066,-0.378
Kepler-257 b,0.034,-0.378
Kepler-256 e,0.096,-0.059
Kepler-256 d,0.064,-0.059
Kepler-256 c,0.045,-0.059
Kepler-256 b,0.027,-0.059
Kepler-255 d,0.0192,-0.183
Kepler-255 c,0.092,-0.183
Kepler-255 b,0.063,-0.183
Kepler-254 d,0.139,-0.125
Kepler-254 c,0.105,-0.125
Kepler-254 b,0.064,-0.125
Kepler-253 d,0.13,-0.387
Kepler-253 c,0.089,-0.387
Kepler-253 b,0.046,-0.387
Kepler-252 c,0.08,-0.786
Kepler-252 b,0.058,-0.786
Kepler-251 e,0.404,-0.172
Kepler-251 d,0.182,-0.172
Kepler-251 c,0.122,-0.172
Kepler-251 b,0.053,-0.172
Kepler-250 d,0.127,-0.457
Kepler-250 c,0.069,-0.457
Kepler-250 b,0.048,-0.457
Kepler-25 c,0.1101,0.422
Kepler-25 b,0.0685,0.467
Kepler-249 d,0.097,-1.495
Kepler-249 c,0.058,-1.495
Kepler-249 b,0.035,-1.495
Kepler-248 c,0.123,-0.418
Kepler-248 b,0.066,-0.418
Kepler-247 d,0.14,-0.422
Kepler-247 c,0.084,-0.422
Kepler-247 b,0.042,-0.422
Kepler-246 c,0.095,-0.413
Kepler-246 b,0.052,-0.413
Kepler-245 e,0.04,-0.396
Kepler-245 d,0.202,-0.396
Kepler-245 c,0.124,-0.396
Kepler-245 b,0.071,-0.396
Kepler-244 d,0.14,-0.256
Kepler-244 c,0.087,-0.256
Kepler-244 b,0.05,-0.256
Kepler-243 c,0.142,-0.373
Kepler-243 b,0.062,-0.373
Kepler-242 c,0.109,-0.613
Kepler-242 b,0.075,-0.613
Kepler-241 c,0.189,-0.607
Kepler-241 b,0.094,-0.607
Kepler-240 c,0.074,-0.524
Kepler-240 b,0.048,-0.524
Kepler-24 e,0.138,0.142
Kepler-24 d,0.051,0.142
Kepler-24 c,0.106,0.064
Kepler-24 b,0.08,0.064
Kepler-239 c,0.268,-0.475
Kepler-239 b,0.095,-0.475
Kepler-238 f,0.2747,0.43
Kepler-238 e,0.1658,0.43
Kepler-238 d,0.115,0.43
Kepler-238 c,0.069,0.43
Kepler-238 b,0.034,0.43
Kepler-237 c,0.071,-0.477
Kepler-237 b,0.05,-0.477
Kepler-236 c,0.132,-1.229
Kepler-236 b,0.065,-1.229
Kepler-235 e,0.213,-1.102
Kepler-235 d,0.122,-1.102
Kepler-235 c,0.065,-1.102
Kepler-235 b,0.037,-1.102
Kepler-234 c,0.077,0.24
Kepler-234 b,0.04,0.24
Kepler-233 c,0.287,-0.328
Kepler-233 b,0.077,-0.328
Kepler-232 c,0.101,0.052
Kepler-232 b,0.054,0.052
Kepler-231 c,0.114,-1.036
Kepler-231 b,0.074,-1.036
Kepler-230 c,0.38,-0.368
Kepler-230 b,0.191,-0.368
Kepler-23 d,0.124,0.398
Kepler-23 c,0.099,0.362
Kepler-23 b,0.075,0.362
Kepler-229 d,0.22,-0.538
Kepler-229 c,0.117,-0.538
Kepler-229 b,0.062,-0.538
Kepler-228 d,0.101,0.111
Kepler-228 c,0.052,0.111
Kepler-228 b,0.038,0.111
Kepler-227 c,0.29,-0.121
Kepler-227 b,0.09,-0.121
Kepler-226 d,0.076,-0.239
Kepler-226 c,0.058,-0.239
Kepler-226 b,0.047,-0.239
Kepler-225 c,0.111,-0.996
Kepler-225 b,0.056,-0.996
Kepler-224 e,0.124,-0.514
Kepler-224 d,0.089,-0.514
Kepler-224 c,0.058,-0.514
Kepler-224 b,0.038,-0.514
Kepler-223 e,0.1455,0.371
Kepler-223 d,0.1201,0.371
Kepler-223 c,0.0916,0.371
Kepler-223 b,0.0756,0.371
Kepler-222 d,0.18,-0.338
Kepler-222 c,0.091,-0.338
Kepler-222 b,0.048,-0.338
Kepler-221 e,0.13,-0.404
Kepler-221 d,0.087,-0.404
Kepler-221 c,0.059,-0.404
Kepler-221 b,0.037,-0.404
Kepler-220 e,0.226,-0.676
Kepler-220 d,0.163,-0.676
Kepler-220 c,0.076,-0.676
Kepler-220 b,0.046,-0.676
Kepler-22 b,0.812,-0.19
Kepler-219 d,0.272,0.214
Kepler-219 c,0.165,0.214
Kepler-219 b,0.057,0.214
Kepler-218 d,0.4865,0.009
Kepler-218 c,0.248,0.009
Kepler-218 b,0.046,0.009
Kepler-217 d,0.0505,0.754
Kepler-217 c,0.089,0.754
Kepler-217 b,0.065,0.754
Kepler-216 c,0.136,0.518
Kepler-216 b,0.079,0.518
Kepler-215 e,0.314,-0.117
Kepler-215 d,0.185,-0.117
Kepler-215 c,0.113,-0.117
Kepler-215 b,0.084,-0.117
Kepler-214 c,0.194,0.511
Kepler-214 b,0.13,0.511
Kepler-213 c,0.057,0.082
Kepler-213 b,0.036,0.082
Kepler-212 c,0.207,0.383
Kepler-212 b,0.133,0.383
Kepler-211 c,0.062,-0.413
Kepler-211 b,0.048,-0.413
Kepler-210 c,0.07,-0.799
Kepler-210 b,0.032,-0.799
Kepler-21 b,0.0434,0.715
Kepler-209 c,0.231,-0.129
Kepler-209 b,0.122,-0.129
Kepler-208 e,0.132,0.309
Kepler-208 d,0.103,0.309
Kepler-208 c,0.079,0.309
Kepler-208 b,0.054,0.309
Kepler-207 d,0.068,0.534
Kepler-207 c,0.044,0.534
Kepler-207 b,0.029,0.534
Kepler-206 d,0.163,0.084
Kepler-206 c,0.111,0.084
Kepler-206 b,0.078,0.084
Kepler-205 c,0.122,-0.956
Kepler-205 b,0.032,-0.956
Kepler-204 c,0.173,0.03
Kepler-204 b,0.117,0.03
Kepler-203 d,0.1,0.094
Kepler-203 c,0.061,0.094
Kepler-203 b,0.043,0.094
Kepler-202 c,0.113,-0.638
Kepler-202 b,0.045,-0.638
Kepler-201 c,0.573,0.348
Kepler-201 b,0.175,0.348
Kepler-2001 c,0.1084,-0.546
Kepler-2001 b,0.0197,-0.546
Kepler-2000 c,0.1228,-1.053
Kepler-2000 b,0.0562,-1.053
Kepler-200 c,0.09,0.008
Kepler-200 b,0.08,0.008
Kepler-20 f,0.1387,-0.165
Kepler-20 e,0.0637,-0.165
Kepler-20 d,0.3474,-0.165
Kepler-20 c,0.0936,-0.165
Kepler-20 b,0.04565,-0.165
Kepler-1999 b,0.0713,-0.773
Kepler-1998 b,0.0405,-0.066
Kepler-1997 b,0.1815,0.132
Kepler-1996 c,0.3608,-0.657
Kepler-1996 b,0.1789,-0.657
Kepler-1995 b,0.3259,-0.556
Kepler-1994 b,0.053,-0.042
Kepler-1993 b,0.1943,0.778
Kepler-1992 b,0.1169,-0.009
Kepler-1991 c,0.1528,-0.108
Kepler-1991 b,0.1065,-0.108
Kepler-1990 c,0.0504,0.117
Kepler-1990 b,0.0286,0.117
Kepler-199 c,0.316,-0.097
Kepler-199 b,0.158,-0.097
Kepler-1989 b,0.0918,0.279
Kepler-1988 b,0.1038,0.582
Kepler-1987 e,0.0765,-0.616
Kepler-1987 d,0.0571,-0.616
Kepler-1987 c,0.0427,-0.616
Kepler-1987 b,0.0318,-0.616
Kepler-1986 b,0.1307,-0.411
Kepler-1985 b,0.0426,-0.155
Kepler-1984 b,0.0238,-1.55
Kepler-1983 b,0.0689,-0.481
Kepler-1982 b,0.0511,0.371
Kepler-1981 b,1.3292,0.244
Kepler-1980 b,0.2049,0.224
Kepler-198 d,0.0229,-0.109
Kepler-198 c,0.259,-0.109
Kepler-198 b,0.131,-0.109
Kepler-1979 b,0.1383,-0.094
Kepler-1978 b,0.0914,-0.298
Kepler-1977 b,0.0486,-0.694
Kepler-1976 b,0.0565,0.041
Kepler-1972 c,0.1041,0.294
Kepler-1972 b,0.0763,0.294
Kepler-197 e,0.164,0.222
Kepler-197 d,0.119,0.222
Kepler-197 c,0.09,0.222
Kepler-197 b,0.06,0.222
Kepler-1969 b,0.0717,-0.181
Kepler-1968 b,0.0696,-0.65
Kepler-1967 b,0.0735,-0.567
Kepler-1966 b,0.0763,-0.567
Kepler-1965 b,0.2301,-0.076
Kepler-1964 b,0.0322,-0.631
Kepler-1963 b,0.0298,-0.259
Kepler-1962 b,0.0783,-0.122
Kepler-1961 b,0.0588,-0.276
Kepler-1960 b,0.0354,0.271
Kepler-196 d,0.4484,-0.393
Kepler-196 c,0.24,-0.393
Kepler-196 b,0.138,-0.393
Kepler-1959 b,0.0617,-0.474
Kepler-1958 b,0.0856,-0.001
Kepler-1957 b,0.0299,-0.601
Kepler-1956 b,0.0563,-1.045
Kepler-1955 b,0.117,0.23
Kepler-1954 b,0.0625,0.045
Kepler-1953 b,0.0607,-0.63
Kepler-1952 b,0.1724,0.291
Kepler-1951 b,0.1435,0.501
Kepler-1950 b,0.0871,-0.223
Kepler-195 c,0.197,-0.367
Kepler-195 b,0.077,-0.367
Kepler-1949 b,0.0352,0.713
Kepler-1948 b,0.1022,-0.862
Kepler-1947 b,0.0711,0.111
Kepler-1946 b,0.0394,-0.279
Kepler-1945 b,0.0597,-0.441
Kepler-1944 b,0.0918,-0.083
Kepler-1943 b,0.0571,0.445
Kepler-1942 b,0.0516,-0.075
Kepler-1941 b,0.2054,0.436
Kepler-1940 b,0.0525,-0.377
Kepler-194 d,0.275,0.043
Kepler-194 c,0.131,0.043
Kepler-194 b,0.032,0.043
Kepler-1939 b,0.0334,-0.808
Kepler-1938 b,0.0938,-0.65
Kepler-1937 b,0.0943,0.209
Kepler-1936 b,0.5548,0.456
Kepler-1935 b,0.0463,0.164
Kepler-1934 b,0.0245,0.108
Kepler-1933 b,0.0561,-0.116
Kepler-1932 b,0.0123,-0.352
Kepler-1931 b,0.2356,0.474
Kepler-1930 b,0.1025,-0.505
Kepler-193 c,0.286,0.1
Kepler-193 b,0.106,0.1
Kepler-1929 b,0.2987,0.593
Kepler-1928 b,0.194,-0.092
Kepler-1927 b,0.3859,0.774
Kepler-1926 b,0.2197,-0.647
Kepler-1925 b,0.2588,0.365
Kepler-1924 b,0.1216,0.452
Kepler-1923 b,0.2846,0.257
Kepler-1922 b,0.1077,0.152
Kepler-1921 c,0.0454,0.806
Kepler-1921 b,0.1557,0.806
Kepler-1920 b,0.2043,0.1
Kepler-192 d,0.0668,-0.094
Kepler-192 c,0.15,-0.094
Kepler-192 b,0.09,-0.094
Kepler-1919 b,0.2107,-0.274
Kepler-1918 b,0.2524,-0.308
Kepler-1917 b,0.103,-0.296
Kepler-1916 b,0.2053,0.214
Kepler-1915 b,0.114,0.061
Kepler-1914 b,0.1954,0.077
Kepler-1913 b,0.1209,-0.055
Kepler-1912 b,0.0646,-0.049
Kepler-1911 b,0.0636,-0.078
Kepler-1910 b,0.0536,-0.927
Kepler-191 d,0.0599,-0.414
Kepler-191 c,0.128,-0.414
Kepler-191 b,0.087,-0.414
Kepler-1909 b,0.0306,-0.576
Kepler-1907 c,0.1076,-0.625
Kepler-1907 b,0.0565,-0.625
Kepler-1906 b,0.0738,0.242
Kepler-1905 b,0.0451,-0.025
Kepler-1904 b,0.0436,-1.298
Kepler-1903 b,0.1321,0.292
Kepler-1902 b,0.0385,-1.117
Kepler-1901 b,0.0453,-0.003
Kepler-1900 b,0.042,0.22
Kepler-190 c,0.045,-0.441
Kepler-190 b,0.03,-0.441
Kepler-19 b,0.0846,-0.161
Kepler-1899 b,0.0457,-0.672
Kepler-1898 b,0.0522,-0.235
Kepler-1897 b,0.1546,-0.39
Kepler-1896 b,0.2529,0.174
Kepler-1895 b,0.0615,-0.23
Kepler-1894 c,0.0576,-0.27
Kepler-1894 b,0.0385,-0.27
Kepler-1893 b,0.0504,0.16
Kepler-1892 b,0.0633,-0.301
Kepler-1891 b,0.0473,-0.231
Kepler-1890 b,0.0563,0.267
Kepler-189 c,0.137,-0.448
Kepler-189 b,0.088,-0.448
Kepler-1889 b,0.2082,0.22
Kepler-1888 b,0.0956,0.374
Kepler-1887 b,0.1421,-0.19
Kepler-1886 b,0.16,-0.161
Kepler-1885 b,0.036,-0.176
Kepler-1884 b,0.0845,0.277
Kepler-1883 b,0.4438,-0.016
Kepler-1882 b,0.1151,0.237
Kepler-1881 b,0.5368,-0.307
Kepler-1880 b,0.054,-0.762
Kepler-188 c,0.066,0.034
Kepler-188 b,0.032,0.034
Kepler-1879 b,0.0953,0.384
Kepler-1878 b,0.0521,0.187
Kepler-1877 b,0.0351,-0.077
Kepler-1876 b,0.0758,0.429
Kepler-1875 b,0.2039,0.407
Kepler-1874 b,0.2633,-0.577
Kepler-1873 b,0.0128,-0.41
Kepler-1872 b,0.0465,-0.506
Kepler-1871 b,0.0308,0.003
Kepler-1870 b,0.0453,-0.226
Kepler-187 c,0.099,0.493
Kepler-187 b,0.059,0.493
Kepler-1869 c,0.028,-0.05
Kepler-1869 b,0.0791,-0.05
Kepler-1868 b,0.6266,-0.662
Kepler-1867 b,0.0872,0.219
Kepler-1866 b,0.1016,0.144
Kepler-1865 b,0.0344,-0.329
Kepler-1864 b,0.0488,0.03
Kepler-1863 b,0.2555,0.41
Kepler-1862 b,0.1199,-0.215
Kepler-1861 b,0.2408,0.3
Kepler-1860 b,0.1021,-0.181
Kepler-186 f,0.432,-1.26
Kepler-186 e,0.11,-1.385
Kepler-186 d,0.0781,-1.385
Kepler-186 c,0.0451,-1.385
Kepler-186 b,0.0343,-1.385
Kepler-1859 c,0.0473,0.154
Kepler-1859 b,0.0394,0.154
Kepler-1858 b,0.3575,-0.453
Kepler-1857 b,0.0807,0.205
Kepler-1856 b,0.0215,-0.331
Kepler-1855 b,0.0115,-1.295
Kepler-1854 b,0.2119,-0.479
Kepler-1853 b,0.2395,-0.562
Kepler-1852 b,0.0762,-0.432
Kepler-1851 b,0.1016,0.06
Kepler-1850 b,0.0206,-0.81
Kepler-185 c,0.139,-0.504
Kepler-185 b,0.026,-0.504
Kepler-1849 b,0.2597,-0.662
Kepler-1848 b,0.0563,-0.513
Kepler-1847 b,0.0989,0.099
Kepler-1846 b,0.1089,-0.53
Kepler-1845 b,0.0885,-0.578
Kepler-1844 b,0.0478,0.226
Kepler-1843 b,0.171,0.394
Kepler-1842 b,0.116,-0.026
Kepler-1841 b,0.1606,-0.278
Kepler-1840 b,0.4644,-0.587
Kepler-184 d,0.179,-0.225
Kepler-184 c,0.141,-0.225
Kepler-184 b,0.092,-0.225
Kepler-1839 b,0.0583,0.192
Kepler-1838 b,0.1096,0.537
Kepler-1837 b,0.065,-0.068
Kepler-1836 b,0.0602,0.016
Kepler-1835 b,0.0997,0.078
Kepler-1834 c,0.015,-0.577
Kepler-1834 b,0.0496,-0.577
Kepler-1833 b,0.0771,0.437
Kepler-1832 b,0.037,-0.337
Kepler-1831 b,0.0655,-0.045
Kepler-1830 b,0.3259,0.631
Kepler-183 c,0.103,0.026
Kepler-183 b,0.064,0.026
Kepler-1829 b,0.0559,-0.394
Kepler-1828 b,0.0924,-0.111
Kepler-1827 b,0.0455,0.187
Kepler-1826 b,0.0213,-1.122
Kepler-1825 b,0.0187,-0.532
Kepler-1824 b,0.4267,0.171
Kepler-1823 b,0.1528,0.287
Kepler-1822 b,0.1416,-0.286
Kepler-1821 b,0.1244,-0.124
Kepler-1820 b,0.1964,-0.022
Kepler-182 c,0.157,0.344
Kepler-182 b,0.096,0.344
Kepler-1819 b,0.1337,0.086
Kepler-1818 b,0.055,0.261
Kepler-1817 b,0.2348,-0.38
Kepler-1816 b,0.3648,-0.531
Kepler-1815 b,0.0984,-0.03
Kepler-1814 c,0.0133,-0.506
Kepler-1814 b,0.0371,-0.506
Kepler-1813 b,0.0364,-0.4
Kepler-1812 b,0.0765,0.28
Kepler-1811 b,0.3462,0.154
Kepler-1810 b,0.4137,-0.158
Kepler-181 c,0.049,-0.379
Kepler-181 b,0.04,-0.379
Kepler-1809 b,0.0435,-0.471
Kepler-1808 b,0.1467,-0.062
Kepler-1807 b,0.0988,0.603
Kepler-1806 b,0.0813,-0.435
Kepler-1805 b,0.0699,-1.177
Kepler-1804 b,0.1017,-0.512
Kepler-1802 c,0.1748,-0.925
Kepler-1802 b,0.0662,-0.925
Kepler-1801 c,0.4572,-0.223
Kepler-1801 b,0.0915,-0.223
Kepler-1800 b,0.0592,-0.188
Kepler-180 c,0.229,-0.132
Kepler-180 b,0.109,-0.132
Kepler-18 d,0.1172,-0.031
Kepler-18 c,0.0752,-0.031
Kepler-18 b,0.0447,-0.031
Kepler-1799 b,0.1028,0.314
Kepler-1798 b,0.1082,-0.957
Kepler-1797 b,0.1637,0.062
Kepler-1796 b,0.1879,0.118
Kepler-1795 b,0.1002,-0.757
Kepler-1794 b,0.0821,-0.611
Kepler-1793 b,0.0787,-0.234
Kepler-1792 b,0.0488,-0.508
Kepler-1791 b,0.0761,0.176
Kepler-1790 b,0.197,0.383
Kepler-179 c,0.064,-0.278
Kepler-179 b,0.036,-0.278
Kepler-1789 b,0.3543,-0.231
Kepler-1788 b,0.0343,-0.611
Kepler-1787 b,0.227,-0.098
Kepler-1786 b,0.3659,0.159
Kepler-1785 b,0.1379,0.003
Kepler-1784 b,0.1072,-0.121
Kepler-1783 b,0.077,-0.451
Kepler-1782 b,0.0582,-0.556
Kepler-1781 b,0.0574,-0.361
Kepler-1780 b,0.4276,-0.217
Kepler-178 d,0.397,-0.208
Kepler-178 c,0.142,-0.208
Kepler-178 b,0.085,-0.208
Kepler-1779 b,0.1264,-0.05
Kepler-1778 b,0.0956,0.098
Kepler-1777 b,0.1031,-0.033
Kepler-1776 b,0.2124,0.164
Kepler-1775 b,0.3986,0.246
Kepler-1774 b,0.3096,0.19
Kepler-1773 b,0.2489,0.405
Kepler-1772 b,0.0418,0.472
Kepler-1771 b,0.3815,-0.092
Kepler-1770 b,0.1261,-0.209
Kepler-177 c,0.2655,0.24
Kepler-177 b,0.2184,0.24
Kepler-1769 b,0.3987,0.215
Kepler-1768 b,0.1286,0.287
Kepler-1767 b,0.2873,-0.503
Kepler-1766 b,0.4229,0.175
Kepler-1765 b,0.0917,-0.136
Kepler-1764 b,0.3512,0.415
Kepler-1763 b,0.0257,0.274
Kepler-1762 b,0.204,0.331
Kepler-1761 b,0.0413,-1.17
Kepler-1760 b,0.2084,-0.26
Kepler-176 e,0.2494,-0.404
Kepler-176 d,0.163,-0.404
Kepler-176 c,0.102,-0.404
Kepler-176 b,0.058,-0.404
Kepler-1759 b,0.0429,-0.563
Kepler-1758 b,0.0919,0.485
Kepler-1757 b,0.1335,-0.369
Kepler-1756 b,0.0319,-0.459
Kepler-1755 b,0.1668,0.274
Kepler-1754 b,0.0718,-0.612
Kepler-1753 b,0.1179,-0.56
Kepler-1752 b,0.2698,-0.398
Kepler-1751 b,0.0712,0.036
Kepler-1750 b,0.6785,0.061
Kepler-175 c,0.213,0.194
Kepler-175 b,0.105,0.194
Kepler-1749 b,0.0956,-0.95
Kepler-1748 b,0.0615,-0.35
Kepler-1747 b,0.066,-0.205
Kepler-1746 b,0.9453,0.496
Kepler-1745 b,0.0408,0.007
Kepler-1744 b,0.2093,-0.098
Kepler-1743 b,0.0822,0.599
Kepler-1742 b,0.2587,-0.184
Kepler-1741 b,0.0296,-1.242
Kepler-1740 b,0.0779,-0.079
Kepler-174 d,0.677,-0.57
Kepler-174 c,0.214,-0.57
Kepler-174 b,0.1,-0.57
Kepler-1739 b,0.0697,-0.14
Kepler-1738 b,0.0781,-0.005
Kepler-1737 b,0.297,-0.344
Kepler-1736 b,0.2188,0.402
Kepler-1735 b,0.0621,-1.193
Kepler-1734 b,0.0714,0.144
Kepler-1733 b,0.0933,0.43
Kepler-1732 b,0.2015,0.296
Kepler-1731 b,0.1401,-0.6
Kepler-1730 b,0.1131,0.075
Kepler-173 c,0.074,0.074
Kepler-173 b,0.048,0.074
Kepler-1729 b,0.0418,-0.663
Kepler-1728 b,0.0535,-0.416
Kepler-1727 b,0.0796,-0.251
Kepler-1726 b,0.1306,-0.37
Kepler-1725 b,0.1302,0.199
Kepler-1724 b,0.0683,0.055
Kepler-1723 b,0.2249,0.034
Kepler-1722 b,0.0819,-0.17
Kepler-1721 b,0.0519,-0.407
Kepler-1720 b,0.1043,-0.336
Kepler-172 e,0.211,-0.032
Kepler-172 d,0.118,-0.032
Kepler-172 c,0.068,-0.032
Kepler-172 b,0.04,-0.032
Kepler-1719 b,0.0674,0.526
Kepler-1718 b,0.4878,-0.04
Kepler-1717 b,0.2014,0.593
Kepler-1716 b,0.1916,-0.624
Kepler-1715 b,0.2178,0.417
Kepler-1714 b,0.1047,0.76
Kepler-1713 b,0.1469,0.486
Kepler-1712 b,0.0903,-1.179
Kepler-1711 b,0.1463,0.01
Kepler-1710 b,0.1159,-0.143
Kepler-171 d,0.223,-0.079
Kepler-171 c,0.098,-0.079
Kepler-171 b,0.05,-0.079
Kepler-1709 b,0.3192,0.115
Kepler-1708 b,1.64,0.182
Kepler-1705 b,0.08,0.354
Kepler-1704 b,2.027,0.452
Kepler-1702 b,0.1275,-0.496
Kepler-1701 b,0.5608,-0.351
Kepler-1700 b,0.7576,0.154
Kepler-170 c,0.131,-0.055
Kepler-170 b,0.08,-0.055
Kepler-17 b,0.02591,0.012
Kepler-1699 b,0.0418,-0.339
Kepler-1698 b,0.0203,-0.518
Kepler-1697 b,0.2008,-0.588
Kepler-1696 b,0.3244,0.139
Kepler-1695 b,0.0529,-0.104
Kepler-1694 b,0.0449,-0.508
Kepler-1693 c,0.0588,-0.218
Kepler-1693 b,0.1011,-0.218
Kepler-1692 b,0.0646,-0.324
Kepler-1691 b,0.0495,0.175
Kepler-1690 b,0.7097,-0.243
Kepler-169 f,0.359,-0.496
Kepler-169 e,0.105,-0.496
Kepler-169 d,0.075,-0.496
Kepler-169 c,0.062,-0.496
Kepler-169 b,0.04,-0.496
Kepler-1689 b,0.0798,-0.016
Kepler-1688 b,0.0577,-0.636
Kepler-1687 b,0.0532,-0.859
Kepler-1686 b,0.0866,0.141
Kepler-1685 b,0.1485,-0.245
Kepler-1684 b,0.2253,-0.707
Kepler-1683 b,0.1182,-0.198
Kepler-1682 b,0.1134,-0.196
Kepler-1681 b,0.32,-0.293
Kepler-1680 b,0.0784,-0.524
Kepler-168 c,0.116,0.361
Kepler-168 b,0.056,0.361
Kepler-1679 b,0.0892,-0.201
Kepler-1678 b,0.5302,-0.162
Kepler-1677 b,0.1624,0.265
Kepler-1676 b,0.1954,0.084
Kepler-1675 b,0.3076,0.129
Kepler-1674 b,0.3017,-0.206
Kepler-1673 b,0.2127,0.179
Kepler-1672 b,0.5726,0.179
Kepler-1671 b,0.0491,-0.266
Kepler-1670 b,0.1528,0.383
Kepler-167 e,1.883,-0.539
Kepler-167 d,0.1404,-0.539
Kepler-167 c,0.0684,-0.539
Kepler-167 b,0.04825,-0.539
Kepler-1669 d,0.0468,-0.803
Kepler-1669 c,0.0228,-0.803
Kepler-1669 b,0.0745,-0.803
Kepler-1668 b,0.124,-0.056
Kepler-1667 b,0.4256,0.123
Kepler-1666 c,0.2383,0.268
Kepler-1666 b,0.1761,0.268
Kepler-1665 b,0.1006,-0.45
Kepler-1664 b,0.1137,0.05
Kepler-1663 b,0.1072,-1.109
Kepler-1661 b,0.633,-0.513
Kepler-166 d,0.0246,-0.385
Kepler-166 c,0.195,-0.385
Kepler-166 b,0.072,-0.385
Kepler-1658 b,0.0544,1.206
Kepler-1656 b,0.1974,0.021
Kepler-1655 b,0.1029,0.143
Kepler-1654 b,2.026,0.09
Kepler-1653 b,0.4706,-0.636
Kepler-1652 b,0.1654,-1.638
Kepler-1651 b,0.0692,-1.368
Kepler-1650 b,0.0167,-1.871
Kepler-165 c,0.11,-0.472
Kepler-165 b,0.072,-0.472
Kepler-1649 c,0.0649,-2.287
Kepler-1649 b,0.0514,-2.287
Kepler-1647 b,2.7205,0.644
Kepler-1646 b,0.0295,-1.78
Kepler-1645 b,0.1285,0.336
Kepler-1644 b,0.142,-0.215
Kepler-1643 b,0.0531,-0.472
Kepler-1642 c,0.0678,-0.405
Kepler-1642 b,0.1016,-0.405
Kepler-1641 c,0.2065,0.131
Kepler-1641 b,0.1473,0.131
Kepler-1640 b,0.0836,0.47
Kepler-164 e,0.4025,0.113
Kepler-164 d,0.187,0.113
Kepler-164 c,0.097,0.113
Kepler-164 b,0.058,0.113
Kepler-1639 b,0.0932,0.145
Kepler-1638 b,0.745,-0.114
Kepler-1637 b,0.0596,0.023
Kepler-1636 b,1.1546,0.237
Kepler-1635 b,1.117,-0.28
Kepler-1634 b,1.0525,-0.265
Kepler-1633 b,0.3875,0.646
Kepler-1632 b,0.6762,0.406
Kepler-1631 b,0.0511,0.007
Kepler-1630 b,1.1218,-0.646
Kepler-163 c,0.152,-0.138
Kepler-163 b,0.078,-0.138
Kepler-1629 b,0.0485,-0.134
Kepler-1628 b,0.2952,-1.33
Kepler-1627 b,0.0643,-0.303
Kepler-1626 b,0.0537,0.611
Kepler-1625 b,0.8748,0.437
Kepler-1624 b,0.0327,-1.323
Kepler-1623 b,0.0518,-0.172
Kepler-1622 b,0.0994,0.373
Kepler-1621 b,0.4204,0.478
Kepler-1620 b,0.4322,0.293
Kepler-162 c,0.137,0.155
Kepler-162 b,0.069,0.155
Kepler-1619 b,0.1611,0.326
Kepler-1618 b,0.0706,0.69
Kepler-1617 b,0.181,0.341
Kepler-1616 b,0.0761,0.638
Kepler-1615 b,0.2788,0.389
Kepler-1614 b,0.0471,-0.271
Kepler-1613 b,0.0264,0.638
Kepler-1612 b,0.0482,-0.188
Kepler-1611 b,0.0586,-0.113
Kepler-1610 c,0.2323,-0.483
Kepler-1610 b,0.0777,-0.483
Kepler-161 c,0.068,-0.447
Kepler-161 b,0.054,-0.447
Kepler-1609 b,0.4679,0.484
Kepler-1608 b,0.1126,-0.537
Kepler-1607 b,0.1075,0.709
Kepler-1606 b,0.6421,-0.171
Kepler-1605 b,0.3912,0.429
Kepler-1604 b,0.0089,-0.527
Kepler-1603 b,0.0351,0.706
Kepler-1602 b,0.1074,0.201
Kepler-1601 b,0.0336,0.085
Kepler-1600 c,0.0689,-0.339
Kepler-1600 b,0.9712,-0.339
Kepler-160 d,0.17,0.004
Kepler-160 c,0.1192,0.004
Kepler-160 b,0.05511,0.004
Kepler-16 b,0.7048,-0.903
Kepler-1599 b,0.4823,0.241
Kepler-1598 b,0.0527,-0.039
Kepler-1597 b,0.0427,0.434
Kepler-1596 b,0.3237,0.431
Kepler-1595 b,0.051,-0.363
Kepler-1594 b,0.0396,0
Kepler-1593 b,0.546,-0.652
Kepler-1592 b,0.04,0.507
Kepler-1591 b,0.0794,0.434
Kepler-1590 b,0.0772,0.063
Kepler-159 c,0.218,-0.754
Kepler-159 b,0.082,-0.754
Kepler-1589 b,0.0205,0.329
Kepler-1588 b,0.0726,0.32
Kepler-1587 b,0.0878,0.326
Kepler-1586 b,0.1266,0.183
Kepler-1585 b,0.0445,-0.434
Kepler-1584 b,0.1168,0.252
Kepler-1583 b,0.085,-0.018
Kepler-1582 b,0.0316,-2.389
Kepler-1581 b,0.0674,0.391
Kepler-1580 b,0.323,0.926
Kepler-158 c,0.158,-0.757
Kepler-158 b,0.111,-0.757
Kepler-1579 b,0.014,-0.94
Kepler-1578 b,0.0252,-0.165
Kepler-1577 b,0.0657,-0.607
Kepler-1576 b,0.0726,-0.063
Kepler-1575 b,0.0366,-0.037
Kepler-1574 b,0.0743,0.156
Kepler-1573 b,0.0364,0.169
Kepler-1572 b,0.0614,0.373
Kepler-1571 b,0.0432,0.194
Kepler-1570 b,0.1784,0.414
Kepler-157 d,0.0698,0.091
Kepler-157 c,0.11,0.091
Kepler-157 b,0.028,0.091
Kepler-1569 b,0.0654,0.335
Kepler-1568 b,0.1499,0.258
Kepler-1567 b,0.552,-0.122
Kepler-1566 b,0.0121,-0.437
Kepler-1565 b,0.0241,-0.564
Kepler-1564 b,0.1327,-0.135
Kepler-1563 b,0.0442,-0.01
Kepler-1562 b,0.3308,0.491
Kepler-1561 b,0.0194,-0.02
Kepler-1560 b,0.0397,-0.034
Kepler-156 c,0.117,-0.44
Kepler-156 b,0.054,-0.44
Kepler-1559 b,0.018,-0.276
Kepler-1558 b,0.0419,-0.48
Kepler-1557 b,0.049,0.119
Kepler-1556 b,0.0829,-0.231
Kepler-1555 b,0.0805,0.389
Kepler-1554 b,0.6314,-0.393
Kepler-1553 b,0.0481,-0.338
Kepler-1552 b,0.6045,-0.201
Kepler-1551 b,0.1772,0.244
Kepler-1550 b,0.7681,0.119
Kepler-155 c,0.242,-1.21
Kepler-155 b,0.056,-1.21
Kepler-1549 b,0.6687,-0.273
Kepler-1548 b,0.4679,-0.307
Kepler-1547 b,0.0165,0.222
Kepler-1546 b,0.1366,-0.13
Kepler-1545 b,0.5442,-0.277
Kepler-1544 b,0.5421,-0.606
Kepler-1543 b,0.0867,0.487
Kepler-1542 e,0.0567,0.07
Kepler-1542 d,0.0632,0.07
Kepler-1542 c,0.0389,0.07
Kepler-1542 b,0.0479,0.07
Kepler-1541 b,0.0781,-0.336
Kepler-1540 b,0.4426,-0.818
Kepler-154 f,0.0871,0.033
Kepler-154 e,0.047,0.033
Kepler-154 d,0.1415,0.033
Kepler-154 c,0.303,0.033
Kepler-154 b,0.198,0.033
Kepler-1539 b,0.4765,-0.426
Kepler-1538 b,0.6095,-0.085
Kepler-1537 b,0.0245,-0.423
Kepler-1536 b,0.8507,-0.822
Kepler-1535 b,0.5329,0.165
Kepler-1534 b,0.0599,-0.233
Kepler-1533 b,0.9625,0.662
Kepler-1532 b,0.0206,-0.141
Kepler-1531 b,0.022,0.304
Kepler-1530 d,0.0865,-0.311
Kepler-1530 c,0.06,-0.311
Kepler-1530 b,0.0371,-0.311
Kepler-153 c,0.237,-0.446
Kepler-153 b,0.129,-0.446
Kepler-1529 b,0.0525,-0.52
Kepler-1528 b,0.0296,-0.064
Kepler-1527 b,0.6276,0.482
Kepler-1526 b,0.0418,-0.707
Kepler-1525 b,0.036,-0.011
Kepler-1524 b,0.3392,-0.006
Kepler-1523 b,0.0185,-0.099
Kepler-1522 b,0.0288,0.092
Kepler-1521 b,0.2317,-0.569
Kepler-1520 b,0.0129,-0.673
Kepler-152 c,0.356,-0.465
Kepler-152 b,0.124,-0.465
Kepler-1519 b,0.7655,0.326
Kepler-1518 c,0.0905,0.691
Kepler-1518 b,0.0593,0.691
Kepler-1517 b,0.078,0.879
Kepler-1516 b,0.0718,0.446
Kepler-1515 b,0.7655,0.566
Kepler-1514 c,0.0997,0.328
Kepler-1514 b,0.753,0.328
Kepler-1513 b,0.5416,-0.17
Kepler-1512 b,0.1097,-1.695
Kepler-1511 b,0.1753,0.838
Kepler-1510 b,0.4089,0.377
Kepler-151 c,0.16,-0.334
Kepler-151 b,0.116,-0.334
Kepler-1509 b,0.1707,0.399
Kepler-1508 b,0.1629,0.537
Kepler-1507 b,0.1234,-0.324
Kepler-1506 b,0.1168,0.426
Kepler-1505 b,0.1862,0.149
Kepler-1504 b,0.3704,0.468
Kepler-1503 b,0.3771,-0.144
Kepler-1502 b,0.2482,0.742
Kepler-1501 b,0.1228,0.202
Kepler-1500 b,0.1236,0.275
Kepler-150 f,1.24,-0.161
Kepler-150 e,0.189,-0.161
Kepler-150 d,0.104,-0.161
Kepler-150 c,0.073,-0.161
Kepler-150 b,0.044,-0.161
Kepler-15 b,0.05714,-0.087
Kepler-1499 b,0.2196,-0.464
Kepler-1498 b,0.2528,-0.166
Kepler-1497 b,0.0817,-0.073
Kepler-1496 b,0.3211,0.304
Kepler-1495 b,0.3677,0.052
Kepler-1494 b,0.3982,0.079
Kepler-1493 b,0.1197,0.249
Kepler-1492 b,0.1262,-0.754
Kepler-1491 c,0.3045,0.355
Kepler-1491 b,0.127,0.355
Kepler-1490 b,0.3729,-0.319
Kepler-149 d,0.571,-0.119
Kepler-149 c,0.281,-0.119
Kepler-149 b,0.184,-0.119
Kepler-1489 b,0.3679,0.198
Kepler-1488 c,0.0658,0.587
Kepler-1488 b,0.2285,0.587
Kepler-1487 c,0.2588,0.557
Kepler-1487 b,0.0898,0.557
Kepler-1486 b,0.2846,0.312
Kepler-1485 b,0.1467,0.28
Kepler-1484 b,0.1939,0.796
Kepler-1483 b,0.0958,0.394
Kepler-1482 b,0.1016,-0.083
Kepler-1481 b,0.059,-0.587
Kepler-1480 b,0.1525,-0.449
Kepler-148 d,0.2607,-0.383
Kepler-148 c,0.05,-0.383
Kepler-148 b,0.028,-0.383
Kepler-1479 b,0.1173,0.145
Kepler-1478 b,0.1681,0.304
Kepler-1477 b,0.0911,-0.196
Kepler-1476 b,0.0932,-0.243
Kepler-1475 b,0.373,0.254
Kepler-1474 b,0.2108,0.029
Kepler-1473 b,0.116,0.194
Kepler-1472 b,0.2322,0.42
Kepler-1471 c,0.0981,-0.199
Kepler-1471 b,0.0453,-0.199
Kepler-1470 b,0.116,-0.486
Kepler-147 c,0.216,0.427
Kepler-147 b,0.113,0.427
Kepler-1469 b,0.1466,-0.274
Kepler-1468 d,0.1456,0.531
Kepler-1468 c,0.0466,0.531
Kepler-1468 b,0.0817,0.531
Kepler-1467 b,0.2388,-0.351
Kepler-1466 b,0.1942,-0.023
Kepler-1465 b,0.1939,-0.652
Kepler-1464 c,0.0548,0.43
Kepler-1464 b,0.1803,0.43
Kepler-1463 b,0.1694,0.092
Kepler-1462 b,0.3094,-0.314
Kepler-1461 b,0.1715,-0.645
Kepler-1460 b,0.1614,-0.844
Kepler-146 c,0.364,0.148
Kepler-146 b,0.2,0.148
Kepler-1459 b,0.2829,-0.523
Kepler-1458 b,0.2495,-0.24
Kepler-1457 b,0.2668,0.215
Kepler-1456 b,0.1132,-0.957
Kepler-1455 b,0.2149,-1.141
Kepler-1454 b,0.2447,-0.255
Kepler-1453 b,0.262,-0.14
Kepler-1452 b,0.2697,0.721
Kepler-1451 b,0.2101,-0.119
Kepler-1450 b,0.2401,-0.768
Kepler-145 c,0.2578,0.692
Kepler-145 b,0.1699,0.692
Kepler-1449 b,0.1176,0.509
Kepler-1448 b,0.1058,-0.069
Kepler-1447 b,0.2836,-0.042
Kepler-1446 b,0.0141,-0.651
Kepler-1445 b,0.0948,0.34
Kepler-1444 b,0.2015,0.021
Kepler-1443 b,0.0368,0.561
Kepler-1442 b,0.4039,0.651
Kepler-1441 b,0.2346,0.325
Kepler-1440 b,0.2274,0.377
Kepler-144 c,0.094,0.282
Kepler-144 b,0.066,0.282
Kepler-1439 b,0.0594,-1.544
Kepler-1438 b,0.0346,0.123
Kepler-1437 b,0.0951,0.316
Kepler-1436 b,0.0907,0.801
Kepler-1435 b,0.0546,0.468
Kepler-1434 b,0.0894,0.862
Kepler-1433 b,0.0516,0.247
Kepler-1432 b,0.1696,0.449
Kepler-1431 b,0.0648,0.243
Kepler-1430 b,0.0304,-0.816
Kepler-143 c,0.181,0.294
Kepler-143 b,0.127,0.294
Kepler-1429 b,0.055,0.138
Kepler-1428 b,0.1059,0.944
Kepler-1427 b,0.0197,0.016
Kepler-1426 b,0.1187,0.035
Kepler-1425 b,0.1038,0.398
Kepler-1424 b,0.1861,0.271
Kepler-1423 b,0.1586,-0.52
Kepler-1422 b,0.1499,0.447
Kepler-1421 b,0.0762,0.599
Kepler-1420 b,0.0671,-0.232
Kepler-142 d,0.242,0.107
Kepler-142 c,0.057,0.107
Kepler-142 b,0.032,0.107
Kepler-1419 b,0.2391,0.042
Kepler-1418 b,0.131,-0.616
Kepler-1417 b,0.1431,0.395
Kepler-1416 b,0.0257,0.284
Kepler-1415 b,0.0144,-0.297
Kepler-1414 b,0.0426,-0.464
Kepler-1413 b,0.1066,-0.391
Kepler-1412 b,0.0461,0.383
Kepler-1411 b,0.4001,0.041
Kepler-1410 b,0.2543,-1.158
Kepler-141 c,0.067,-0.446
Kepler-141 b,0.039,-0.446
Kepler-1409 b,0.0152,-0.422
Kepler-1408 b,0.0425,0.579
Kepler-1407 b,0.1502,0.271
Kepler-1406 b,0.0987,0.135
Kepler-1405 b,0.1778,0.022
Kepler-1404 b,0.1143,-0.37
Kepler-1403 b,0.064,0.372
Kepler-1402 b,0.0322,0.448
Kepler-1401 b,0.0975,0.14
Kepler-1400 b,0.0771,-0.578
Kepler-140 c,0.414,0.251
Kepler-140 b,0.045,0.251
Kepler-14 b,0.0771,0.799
Kepler-1399 b,0.0276,0.01
Kepler-1398 c,0.051,0.312
Kepler-1398 b,0.0392,0.312
Kepler-1397 b,0.2602,0.591
Kepler-1396 b,0.1406,0.204
Kepler-1395 b,0.0494,0.277
Kepler-1394 b,0.0555,0.811
Kepler-1393 b,0.0337,0.151
Kepler-1392 b,0.1189,-0.231
Kepler-1391 b,0.2768,0.439
Kepler-1390 b,0.0662,-0.1
Kepler-139 c,0.586,0.016
Kepler-139 b,0.127,0.016
Kepler-1389 b,0.3869,-0.534
Kepler-1388 e,0.1861,-1.107
Kepler-1388 d,0.126,-1.107
Kepler-1388 c,0.0519,-1.107
Kepler-1388 b,0.0882,-1.107
Kepler-1387 b,0.031,-0.56
Kepler-1386 b,0.068,0.009
Kepler-1385 b,0.0415,0.45
Kepler-1384 b,0.1126,-0.539
Kepler-1383 b,0.1179,0.568
Kepler-1382 b,0.1404,0.572
Kepler-1381 b,0.1728,-0.117
Kepler-1380 b,0.0917,0.473
Kepler-138 e,0.1803,-1.252
Kepler-138 d,0.1288,-1.252
Kepler-138 c,0.0913,-1.252
Kepler-138 b,0.0753,-1.252
Kepler-1379 b,0.0171,-0.403
Kepler-1378 b,0.0885,-0.903
Kepler-1377 b,0.0153,-0.293
Kepler-1376 b,0.0598,-0.071
Kepler-1375 b,0.0471,0.822
Kepler-1374 b,0.0918,-0.368
Kepler-1373 b,0.0242,0.774
Kepler-1372 b,0.024,0.012
Kepler-1371 c,0.0274,-0.198
Kepler-1371 b,0.0393,-0.198
Kepler-1370 c,0.0767,0.458
Kepler-1370 b,0.1495,0.458
Kepler-137 c,0.13,-0.292
Kepler-137 b,0.077,-0.292
Kepler-1369 b,0.1741,-0.01
Kepler-1368 b,0.0153,0.051
Kepler-1367 b,0.0236,-0.905
Kepler-1366 b,0.0273,-0.996
Kepler-1365 c,0.0545,0.425
Kepler-1365 b,0.075,0.425
Kepler-1364 b,0.1284,0.792
Kepler-1363 b,0.0363,-0.626
Kepler-1362 b,0.4626,-0.601
Kepler-1361 b,0.0431,-0.437
Kepler-1360 b,0.2866,0.923
Kepler-136 c,0.133,0.467
Kepler-136 b,0.106,0.467
Kepler-1359 b,0.2769,-0.717
Kepler-1358 b,0.0656,-0.413
Kepler-1357 b,0.041,-0.146
Kepler-1356 b,0.0136,-0.486
Kepler-1355 b,0.0224,-0.329
Kepler-1354 b,0.3521,0.302
Kepler-1353 b,0.153,-0.615
Kepler-1352 b,0.03,0.263
Kepler-1351 b,0.0156,-0.983
Kepler-1350 c,0.0222,-1.283
Kepler-1350 b,0.0413,-1.283
Kepler-135 c,0.103,0.448
Kepler-135 b,0.067,0.448
Kepler-1349 b,0.0341,0.343
Kepler-1348 b,0.1834,0.204
Kepler-1347 b,0.104,-0.388
Kepler-1346 b,0.044,-0.008
Kepler-1345 b,0.2638,0.693
Kepler-1344 b,0.0568,0.146
Kepler-1343 b,0.0449,0.195
Kepler-1342 b,0.0313,-0.261
Kepler-1341 b,0.4498,-0.638
Kepler-1340 b,0.0153,0.087
Kepler-134 c,0.092,0.061
Kepler-134 b,0.06,0.061
Kepler-1339 b,0.0234,0.188
Kepler-1338 b,0.0193,0.247
Kepler-1337 b,0.1441,-0.742
Kepler-1336 c,0.0631,0.421
Kepler-1336 b,0.1595,0.421
Kepler-1335 b,0.0615,-0.555
Kepler-1334 b,0.1229,0.028
Kepler-1333 b,0.4382,-0.188
Kepler-1332 b,0.0986,-0.137
Kepler-1331 b,0.0142,-0.909
Kepler-1330 b,0.0889,0.426
Kepler-133 c,0.204,0.41
Kepler-133 b,0.083,0.41
Kepler-1329 b,0.0747,-0.771
Kepler-1328 b,0.0529,0.228
Kepler-1327 b,0.1186,0.036
Kepler-1326 b,0.2743,0.523
Kepler-1325 b,0.2004,-0.136
Kepler-1324 b,0.0466,-0.673
Kepler-1323 b,0.0191,0.295
Kepler-1322 c,0.0652,-0.101
Kepler-1322 b,0.0183,-0.101
Kepler-1321 d,0.0501,-0.862
Kepler-1321 c,0.0267,-0.862
Kepler-1321 b,0.0781,-0.862
Kepler-1320 b,0.0163,-0.729
Kepler-132 e,0.4393,0.211
Kepler-132 d,0.136,0.211
Kepler-132 c,0.068,0.211
Kepler-132 b,0.067,0.211
Kepler-1319 b,0.0296,-1.457
Kepler-1318 b,0.6085,-0.73
Kepler-1317 b,0.0128,-0.414
Kepler-1316 b,0.3859,0.253
Kepler-1315 c,0.064,-0.628
Kepler-1315 b,0.0163,-0.628
Kepler-1314 b,0.0504,-1.891
Kepler-1313 b,0.046,-0.325
Kepler-1312 c,0.0209,-0.099
Kepler-1312 b,0.0603,-0.099
Kepler-1311 d,0.6711,0.472
Kepler-1311 c,0.0368,0.472
Kepler-1311 b,0.0989,0.472
Kepler-1310 b,0.0148,-0.192
Kepler-131 c,0.1684,0.022
Kepler-131 b,0.1238,0.022
Kepler-1309 b,0.1679,-0.603
Kepler-1308 b,0.025,-1.503
Kepler-1307 b,0.1369,-0.205
Kepler-1306 b,0.123,-0.063
Kepler-1305 b,0.1109,0.084
Kepler-1304 b,0.1202,0.639
Kepler-1303 b,0.0751,-0.002
Kepler-1302 b,0.0795,-0.467
Kepler-1301 b,0.0815,-0.346
Kepler-1300 b,0.1655,0.636
Kepler-130 d,0.377,0.198
Kepler-130 c,0.178,0.155
Kepler-130 b,0.079,0.198
Kepler-1299 b,0.1357,-0.106
Kepler-1298 b,0.082,0.84
Kepler-1297 b,0.0283,0.302
Kepler-1296 b,0.0896,0.486
Kepler-1295 b,0.0464,-0.283
Kepler-1294 b,0.4684,0.421
Kepler-1293 b,0.0659,0.604
Kepler-1292 b,0.0443,-0.091
Kepler-1291 b,0.0779,-0.467
Kepler-1290 b,0.0557,0.069
Kepler-129 c,0.39,0.464
Kepler-129 b,0.13,0.464
Kepler-1289 b,0.0785,0.16
Kepler-1288 b,0.0435,0.302
Kepler-1287 b,0.0976,-0.091
Kepler-1286 b,0.0991,0.128
Kepler-1285 b,0.1268,0.481
Kepler-1284 b,0.0143,-0.395
Kepler-1283 b,0.1062,0.927
Kepler-1282 b,0.0335,-0.183
Kepler-1281 b,0.0415,-0.292
Kepler-1280 b,0.38,0.679
Kepler-128 c,0.1622,0.575
Kepler-128 b,0.1231,0.575
Kepler-1279 b,0.1633,0.693
Kepler-1278 b,0.0419,0.366
Kepler-1277 b,0.2237,-0.199
Kepler-1276 b,0.1072,0.22
Kepler-1275 b,0.0488,0.315
Kepler-1274 b,0.0806,0.798
Kepler-1273 b,0.1857,-0.305
Kepler-1272 b,0.2705,0.37
Kepler-1271 b,0.0418,0.219
Kepler-1270 b,0.0663,0.713
Kepler-127 d,0.28,0.407
Kepler-127 c,0.2,0.407
Kepler-127 b,0.125,0.407
Kepler-1269 b,0.226,0.556
Kepler-1268 b,0.2383,0.345
Kepler-1267 b,0.1057,0.003
Kepler-1266 c,0.052,-0.53
Kepler-1266 b,0.1689,-0.53
Kepler-1265 b,0.0612,-0.7
Kepler-1264 b,0.0191,-0.055
Kepler-1263 b,0.0499,-0.414
Kepler-1262 b,0.083,-0.105
Kepler-1261 b,0.239,-0.523
Kepler-1260 b,0.1444,0.526
Kepler-126 d,0.448,0.452
Kepler-126 c,0.162,0.452
Kepler-126 b,0.099,0.452
Kepler-1259 b,0.0141,-0.333
Kepler-1258 b,0.0201,0.094
Kepler-1257 b,0.0376,-0.136
Kepler-1256 b,0.1063,0.428
Kepler-1255 b,0.2226,0.307
Kepler-1254 d,0.0575,-0.572
Kepler-1254 c,0.0422,-0.572
Kepler-1254 b,0.0833,-0.572
Kepler-1253 b,0.3133,0.345
Kepler-1252 b,0.1078,-0.13
Kepler-1251 b,0.2478,-0.153
Kepler-1250 b,0.0393,0.343
Kepler-125 c,0.051,-1.328
Kepler-125 b,0.041,-1.328
Kepler-1249 b,0.167,0.428
Kepler-1248 b,0.0806,0.276
Kepler-1247 b,0.1091,-0.345
Kepler-1246 b,0.0848,-0.727
Kepler-1245 c,0.0372,-0.411
Kepler-1245 b,0.0484,-0.411
Kepler-1244 b,0.0502,1.032
Kepler-1243 b,0.1256,-0.244
Kepler-1242 b,0.1039,-0.516
Kepler-1241 b,0.1336,-0.324
Kepler-1240 b,0.0557,0.223
Kepler-124 d,0.17,-0.467
Kepler-124 c,0.1,-0.467
Kepler-124 b,0.039,-0.467
Kepler-1239 b,0.0625,0.447
Kepler-1238 b,0.0541,0.584
Kepler-1237 b,0.3778,-0.258
Kepler-1236 b,0.1803,-0.379
Kepler-1235 b,0.0491,-0.156
Kepler-1234 b,0.096,-0.454
Kepler-1233 b,0.263,0.221
Kepler-1232 b,0.1673,-0.359
Kepler-1231 b,0.0914,0.023
Kepler-1230 b,0.0921,0.096
Kepler-123 c,0.181,0.41
Kepler-123 b,0.135,0.41
Kepler-1229 b,0.3006,-1.533
Kepler-1228 b,0.0125,-0.555
Kepler-1227 b,0.4092,-0.158
Kepler-1226 b,0.1361,0.359
Kepler-1225 b,0.0771,0.333
Kepler-1224 b,0.1165,0.293
Kepler-1223 b,0.1186,-0.541
Kepler-1222 b,0.0282,-0.458
Kepler-1221 b,0.0906,-0.355
Kepler-1220 b,0.0734,0.025
Kepler-122 f,0.287,0.27
Kepler-122 e,0.227,0.27
Kepler-122 d,0.155,0.27
Kepler-122 c,0.108,0.27
Kepler-122 b,0.064,0.27
Kepler-1219 b,0.1418,0.926
Kepler-1218 b,0.1564,0.363
Kepler-1217 b,0.0326,0.085
Kepler-1216 b,0.0519,0.073
Kepler-1215 b,0.0528,-0.182
Kepler-1214 b,0.128,-0.419
Kepler-1213 b,0.0635,0.395
Kepler-1212 b,0.1082,0.211
Kepler-1211 b,0.0985,0.134
Kepler-1210 b,0.0753,-0.149
Kepler-121 c,0.216,-0.474
Kepler-121 b,0.039,-0.474
Kepler-1209 b,0.18,0.343
Kepler-1208 b,0.0901,-0.553
Kepler-1207 b,0.1156,0.638
Kepler-1206 b,0.0201,-0.62
Kepler-1205 b,0.0196,-0.418
Kepler-1204 b,0.3877,-0.058
Kepler-1203 b,0.0114,-0.854
Kepler-1202 b,0.179,-0.134
Kepler-1201 b,0.1183,0.044
Kepler-1200 b,0.0188,-0.689
Kepler-120 c,0.088,-0.677
Kepler-120 b,0.055,-0.677
Kepler-12 b,0.0553,0.449
Kepler-1199 b,0.1152,0.187
Kepler-1198 b,0.0732,-0.232
Kepler-1197 b,0.0283,-0.666
Kepler-1196 b,0.3179,-0.047
Kepler-1195 b,0.0726,-0.446
Kepler-1194 b,0.1212,-0.127
Kepler-1193 b,0.0403,0.351
Kepler-1192 b,0.1693,-0.128
Kepler-1191 b,0.0587,-0.226
Kepler-1190 b,0.0845,-0.727
Kepler-119 c,0.049,-0.037
Kepler-119 b,0.035,-0.037
Kepler-1189 b,0.0467,0.041
Kepler-1188 b,0.135,0.398
Kepler-1187 b,0.1401,0.136
Kepler-1186 b,0.1281,0.064
Kepler-1185 b,0.4297,0.282
Kepler-1184 b,0.2863,0.065
Kepler-1183 b,0.1793,0.255
Kepler-1182 b,0.0981,0.256
Kepler-1181 c,0.0928,0.472
Kepler-1181 b,0.0621,0.472
Kepler-1180 b,0.1246,0.417
Kepler-118 c,0.141,-0.377
Kepler-118 b,0.073,-0.377
Kepler-1179 b,0.0346,-0.444
Kepler-1178 b,0.1596,-0.277
Kepler-1177 b,0.4301,0.342
Kepler-1176 b,0.1589,-0.117
Kepler-1175 b,0.2181,-0.34
Kepler-1174 b,0.0732,0.555
Kepler-1173 b,0.0157,-0.435
Kepler-1172 b,0.168,-0.161
Kepler-1171 b,0.0284,0.869
Kepler-1170 b,0.088,-0.338
Kepler-117 c,0.2804,0.538
Kepler-117 b,0.1445,0.538
Kepler-1169 b,0.0709,0.262
Kepler-1168 b,0.2663,-0.53
Kepler-1167 b,0.0175,-0.536
Kepler-1166 b,0.1975,-0.256
Kepler-1165 c,0.1969,0.552
Kepler-1165 b,0.0914,0.552
Kepler-1164 b,0.0457,-0.399
Kepler-1163 b,0.0685,0.396
Kepler-1162 c,0.2832,-0.322
Kepler-1162 b,0.19,-0.322
Kepler-1161 b,0.0784,-0.653
Kepler-1160 b,0.0755,-0.343
Kepler-116 c,0.116,0.421
Kepler-116 b,0.069,0.421
Kepler-1159 b,0.1603,0.298
Kepler-1158 b,0.1246,0.84
Kepler-1157 b,0.0448,-0.675
Kepler-1156 b,0.0994,-0.068
Kepler-1155 b,0.2006,0.047
Kepler-1154 c,0.0875,0.452
Kepler-1154 b,0.0631,0.452
Kepler-1153 b,0.0277,-0.284
Kepler-1152 b,0.0223,-1.097
Kepler-1151 b,0.3197,-0.342
Kepler-1150 b,0.0382,-0.666
Kepler-115 c,0.087,0.22
Kepler-115 b,0.036,0.22
Kepler-1149 b,0.0473,0.165
Kepler-1148 b,0.0188,-0.531
Kepler-1147 b,0.0961,0.235
Kepler-1146 b,0.0325,-0.642
Kepler-1145 b,0.0443,-0.498
Kepler-1144 b,0.1291,0.056
Kepler-1143 c,0.6477,-0.623
Kepler-1143 b,0.0371,-0.623
Kepler-1142 b,0.1343,0.437
Kepler-1141 b,0.0345,0.155
Kepler-1140 b,0.1478,-0.566
Kepler-114 d,0.08358,-0.685
Kepler-114 c,0.06482,-0.685
Kepler-114 b,0.053,-0.685
Kepler-1139 b,0.0165,-0.304
Kepler-1138 b,0.0415,-0.333
Kepler-1137 b,0.1871,0.754
Kepler-1136 b,0.0299,-0.853
Kepler-1135 b,0.3436,0.437
Kepler-1134 b,0.1242,-0.397
Kepler-1133 b,0.0983,-0.21
Kepler-1132 b,0.2881,-0.378
Kepler-1131 b,0.0459,-0.028
Kepler-1130 d,0.0506,-0.26
Kepler-1130 c,0.0423,-0.26
Kepler-1130 b,0.0595,-0.26
Kepler-113 c,0.0763,-0.576
Kepler-113 b,0.0502,-0.576
Kepler-1129 c,0.3528,-0.027
Kepler-1129 b,0.1644,-0.027
Kepler-1128 b,0.302,-0.196
Kepler-1127 b,0.0556,-0.259
Kepler-1126 c,0.6193,-0.099
Kepler-1126 b,0.4126,-0.099
Kepler-1125 b,0.1348,0.647
Kepler-1124 b,0.0305,-1.323
Kepler-1123 b,0.0497,-0.295
Kepler-1122 b,0.2315,0.059
Kepler-1121 b,0.1187,0.475
Kepler-1120 b,0.0369,-0.588
Kepler-112 c,0.172,-0.086
Kepler-112 b,0.076,-0.086
Kepler-1119 b,0.0812,0.486
Kepler-1118 b,0.2079,-0.06
Kepler-1117 b,0.0546,-0.224
Kepler-1116 b,0.233,-0.147
Kepler-1115 b,0.2134,1.254
Kepler-1114 b,0.1102,-0.293
Kepler-1113 b,0.2415,0.08
Kepler-1112 b,0.1239,0.542
Kepler-1111 b,0.0872,-0.09
Kepler-1110 b,0.0754,-0.637
Kepler-111 c,0.761,0.195
Kepler-111 b,0.046,0.195
Kepler-1109 b,0.2466,-0.076
Kepler-1108 b,0.0511,-0.258
Kepler-1107 b,0.0126,-0.417
Kepler-1106 b,0.0239,0.159
Kepler-1105 b,0.0471,-0.945
Kepler-1104 b,0.0628,0.514
Kepler-1103 b,0.1473,0.522
Kepler-1102 b,0.2731,0.139
Kepler-1101 b,0.3483,-0.351
Kepler-1100 b,0.0684,0.088
Kepler-110 c,0.198,0.276
Kepler-110 b,0.107,0.276
Kepler-11 g,0.466,0.12
Kepler-11 f,0.25,0.12
Kepler-11 e,0.195,0.12
Kepler-11 d,0.155,0.12
Kepler-11 c,0.107,0.12
Kepler-11 b,0.091,0.12
Kepler-1099 b,0.0337,-0.119
Kepler-1098 b,0.0358,0.157
Kepler-1097 b,0.5791,-0.404
Kepler-1096 b,0.034,-0.84
Kepler-1095 b,0.0514,-0.093
Kepler-1094 b,0.3625,0.178
Kepler-1093 c,0.394,0.46
Kepler-1093 b,0.1685,0.46
Kepler-1092 b,0.2996,0.096
Kepler-1091 b,0.0252,0.08
Kepler-1090 c,0.2274,-0.146
Kepler-1090 b,0.6364,-0.146
Kepler-109 c,0.1546,0.347
Kepler-109 b,0.0701,0.347
Kepler-1089 b,0.0497,-1.297
Kepler-1088 b,0.1602,0.09
Kepler-1087 b,0.0148,-0.097
Kepler-1086 c,0.503,-0.86
Kepler-1086 b,0.1198,-0.86
Kepler-1085 c,0.3002,0.079
Kepler-1085 b,0.7391,0.079
Kepler-1084 b,0.0324,0.253
Kepler-1083 b,0.1899,-0.473
Kepler-1082 b,0.0257,0.314
Kepler-1081 b,0.0466,-0.306
Kepler-1080 b,0.3781,0.861
Kepler-108 c,0.721,0.707
Kepler-108 b,0.292,0.707
Kepler-1079 b,0.1092,0.263
Kepler-1078 b,0.0388,0.5
Kepler-1077 b,0.2101,0.006
Kepler-1076 b,0.0611,-0.557
Kepler-1075 b,0.0208,-1.113
Kepler-1074 b,0.0536,-1.121
Kepler-1073 d,0.0352,-0.01
Kepler-1073 c,0.0483,-0.01
Kepler-1073 b,0.0805,-0.01
Kepler-1072 b,0.0269,0.365
Kepler-1071 b,0.0615,-0.313
Kepler-1070 b,0.0693,0.285
Kepler-107 e,0.12638,0.364
Kepler-107 d,0.08377,0.364
Kepler-107 c,0.06064,0.364
Kepler-107 b,0.04544,0.364
Kepler-1069 b,0.1685,0.372
Kepler-1068 b,0.1309,-0.025
Kepler-1067 c,0.0601,-0.147
Kepler-1067 b,0.0162,-0.147
Kepler-1066 b,0.0299,-0.19
Kepler-1065 c,0.0344,-0.116
Kepler-1065 b,0.0455,-0.116
Kepler-1064 b,0.1183,-0.401
Kepler-1063 b,0.1176,0.166
Kepler-1062 b,0.0748,-0.682
Kepler-1061 b,0.0384,0.088
Kepler-1060 b,0.2495,0.072
Kepler-106 e,0.2395,0.083
Kepler-106 d,0.1602,0.083
Kepler-106 c,0.1096,0.083
Kepler-106 b,0.0648,0.083
Kepler-1059 b,0.044,-0.52
Kepler-1058 b,0.3679,-0.316
Kepler-1057 b,0.1138,-0.006
Kepler-1056 b,0.1629,0.227
Kepler-1055 b,0.0331,-0.148
Kepler-1054 b,0.054,0.369
Kepler-1053 b,0.0315,-0.895
Kepler-1052 c,0.6135,-0.047
Kepler-1052 b,0.2046,-0.047
Kepler-1051 b,0.1891,0.524
Kepler-1050 c,0.1622,0.059
Kepler-1050 b,0.1313,0.059
Kepler-105 c,0.0711,0.097
Kepler-105 b,0.066,0.607
Kepler-1049 b,0.0349,-1.14
Kepler-1048 b,0.059,-0.409
Kepler-1047 c,0.0434,0.424
Kepler-1047 b,0.2939,0.424
Kepler-1046 b,0.1167,0.064
Kepler-1045 b,0.1616,-0.334
Kepler-1044 b,0.0741,0.031
Kepler-1043 b,0.2159,-0.073
Kepler-1042 b,0.0756,-0.6
Kepler-1041 b,0.1688,0.489
Kepler-1040 b,0.6559,-0.044
Kepler-104 d,0.257,0.089
Kepler-104 c,0.153,0.089
Kepler-104 b,0.094,0.089
Kepler-1039 b,0.0184,-0.649
Kepler-1038 c,0.0692,-0.362
Kepler-1038 b,0.5238,-0.362
Kepler-1037 b,0.0198,-0.448
Kepler-1036 b,0.4629,-0.202
Kepler-1035 b,0.0386,0.209
Kepler-1034 b,0.0965,-0.439
Kepler-1033 b,0.0761,-0.126
Kepler-1032 b,0.0361,-0.655
Kepler-1031 b,0.0218,0.17
Kepler-1030 b,0.1338,-0.553
Kepler-103 c,0.6639,0.424
Kepler-103 b,0.13223,0.424
Kepler-1029 b,0.047,-0.62
Kepler-1028 b,0.0354,-0.245
Kepler-1027 b,0.0295,0.011
Kepler-1026 b,0.1977,-0.617
Kepler-1025 b,0.3344,0.287
Kepler-1024 b,0.3033,-0.35
Kepler-1023 b,0.301,-0.193
Kepler-1022 b,0.0805,-0.858
Kepler-1021 b,0.1034,-0.288
Kepler-1020 b,0.3878,-0.436
Kepler-102 f,0.1656,-0.584
Kepler-102 e,0.1162,-0.584
Kepler-102 d,0.08618,-0.584
Kepler-102 c,0.06702,-0.584
Kepler-102 b,0.05521,-0.584
Kepler-1019 b,0.0221,-0.806
Kepler-1018 b,0.253,-0.082
Kepler-1017 b,0.0702,-0.161
Kepler-1016 c,0.4389,0.124
Kepler-1016 b,0.0307,0.124
Kepler-1015 b,0.1396,0.559
Kepler-1014 b,0.121,-0.337
Kepler-1013 b,0.137,-0.531
Kepler-1012 b,0.0585,-0.194
Kepler-1011 b,0.0633,-0.376
Kepler-1010 b,0.193,-0.412
Kepler-101 c,0.0684,0.42
Kepler-101 b,0.0474,0.42
Kepler-1009 b,0.0796,-0.987
Kepler-1008 b,0.0951,-0.507
Kepler-1007 b,0.048,-0.568
Kepler-1006 b,0.1464,-0.4
Kepler-1005 b,0.0669,0.136
Kepler-1004 b,0.0671,0.713
Kepler-1003 b,0.0444,0.282
Kepler-1002 b,0.0564,0.501
Kepler-1001 c,0.084,-0.279
Kepler-1001 b,0.1129,-0.279
Kepler-1000 b,0.5337,0.715
Kepler-100 d,0.2143,0.411
Kepler-100 c,0.109,0.411
Kepler-100 b,0.072,0.411
Kepler-10 c,0.241,0.055
Kepler-10 b,0.01685,0.055
KPS-1 b,0.0269,-0.353
KOI-984 c,0.1467,-0.324
KOI-984 b,0.0504,-0.324
KOI-94 e,0.3046,0.479
KOI-94 d,0.1684,0.479
KOI-94 c,0.1013,0.479
KOI-94 b,0.05119,0.479
KOI-7913 b,0.1456,-0.768
KOI-7368 b,0.0678,-0.316
KOI-4777.01,0.008,-1.64
KOI-3680 b,0.534,0.068
KOI-351 h,1.01,0.269
KOI-351 g,0.71,0.269
KOI-351 f,0.48,0.269
KOI-351 e,0.42,0.269
KOI-351 d,0.32,0.269
KOI-351 c,0.089,0.269
KOI-351 b,0.074,0.269
KOI-3503 c,0.1911,0.3
KOI-3503 b,0.1462,0.3
KOI-217 b,0.0477,-0.169
KOI-1833 d,0.0634,-0.763
KOI-1831 d,0.1949,-0.308
KOI-1783.02,0.8453,0.213
KOI-1783.01,0.5135,0.213
KOI-1599.02,0.112293,0.162
KOI-1599.01,0.14728,0.162
KOI-142 c,0.15525,-0.223
KOI-142 b,0.098,-0.165
KOI-13 b,0.03641,0.971
KOI-1257 b,0.382,0.029
KOI-12 b,0.154,0.626
KIC 9663113 b,1.4062,0.792
KIC 5437945 b,1.1455,0.641
KELT-9 b,0.03462,1.724
KELT-8 b,0.0455,0.265
KELT-7 b,0.04415,0.758
KELT-6 b,0.07939,0.493
KELT-4 A b,0.04317,0.535
KELT-3 b,0.04123,0.625
KELT-24 b,0.06969,0.565
KELT-23 A b,0.03302,0.034
KELT-21 b,0.05224,0.905
KELT-20 b,0.0542,1.104
KELT-2 A b,0.05497,0.689
KELT-19 A b,0.0637,0.978
KELT-18 b,0.0455,0.813
KELT-17 b,0.04881,0.876
KELT-16 b,0.02044,0.401
KELT-15 b,0.04613,0.412
KELT-14 b,0.03005,0.279
KELT-12 b,0.06708,0.892
KELT-11 b,0.06229,0.744
KELT-10 b,0.0525,0.217
KELT-1 b,0.02466,0.542
K2-99 b,0.1597,0.961
K2-98 b,0.0974,0.504
K2-97 b,0.086,0.919
K2-95 b,0.0525,-1.635
K2-91 b,0.0164,-1.841
K2-90 c,0.035,-0.968
K2-90 b,0.096,-0.953
K2-9 b,0.091,-1.921
K2-89 b,0.01462,-1.327
K2-88 b,0.0345,-1.545
K2-87 b,0.094,-0.098
K2-86 b,0.077,-0.386
K2-85 b,0.013,-0.812
K2-84 c,0.1768,-0.423
K2-84 b,0.0665,-0.423
K2-83 c,0.07131,-1.204
K2-83 b,0.03014,-1.204
K2-81 b,0.059,-0.569
K2-80 c,0.0596,-0.432
K2-80 b,0.135,-0.432
K2-8 c,0.0532,-0.583
K2-8 b,0.0856,-0.553
K2-79 b,0.0988,0.018
K2-77 b,0.076,-0.5
K2-75 c,0.1429,0.349
K2-75 b,0.081,0.349
K2-74 b,0.1402,0.06
K2-73 b,0.07619,0.076
K2-72 e,0.106,-1.837
K2-72 d,0.05,-1.837
K2-72 c,0.078,-1.837
K2-72 b,0.04,-1.837
K2-71 b,0.0559,-1.519
K2-70 b,0.1112,-0.429
K2-7 b,0.1814,0.405
K2-69 b,0.0591,-1.356
K2-68 b,0.0708,-0.673
K2-66 b,0.05983,0.506
K2-65 b,0.1014,-0.328
K2-64 b,0.0619,-0.234
K2-63 c,0.189,0.219
K2-63 b,0.1627,0.219
K2-62 c,0.1148,-0.781
K2-62 b,0.0636,-0.727
K2-61 b,0.0392,-0.015
K2-60 b,0.045,0.282
K2-6 b,0.1898,-0.12
K2-59 c,0.0905,-0.66
K2-59 b,0.1354,-0.66
K2-58 d,0.1517,-0.412
K2-58 c,0.035,-0.412
K2-58 b,0.0692,-0.398
K2-57 b,0.0746,-0.83
K2-55 b,0.03486,-0.784
K2-54 b,0.0671,-1.011
K2-53 b,0.098,-0.579
K2-52 b,0.054,0.027
K2-50 b,0.0705,-0.874
K2-5 c,0.0818,-1.083
K2-5 b,0.0532,-1.083
K2-49 b,0.0309,-0.774
K2-48 b,0.1344,-0.657
K2-47 b,0.1779,-0.482
K2-46 b,0.13821,0.413
K2-45 b,0.0224,-0.74
K2-44 b,0.06,0.43
K2-43 b,0.03784,-1.212
K2-42 b,0.0617,-0.703
K2-417 b,0.063,-1.202
K2-416 b,0.088,-1.27
K2-415 b,0.027,-2.455
K2-414 c,0.0552,-0.705
K2-414 b,0.0487,-0.705
K2-413 c,0.0426,-0.833
K2-413 b,0.0117,-0.833
K2-412 b,0.0586,-0.071
K2-411 b,0.0511,0.258
K2-4 b,0.078,-0.915
K2-39 b,0.05708,0.674
K2-38 c,0.0959,0.037
K2-38 b,0.0503,0.037
K2-37 d,0.1103,-0.469
K2-37 c,0.0654,-0.408
K2-37 b,0.0511,-0.469
K2-36 c,0.05528,-0.57
K2-36 b,0.02288,-0.57
K2-358 b,0.0863,-0.161
K2-357 b,0.145,-0.066
K2-356 b,0.1599,-0.244
K2-355 b,0.0632,-0.115
K2-35 c,0.055,-0.719
K2-35 b,0.031,-0.803
K2-34 b,0.0442,0.4
K2-33 b,0.0409,-0.824
K2-329 b,0.1016,-0.325
K2-326 b,0.0198,-0.978
K2-325 b,0.0419,-2.048
K2-324 b,0.0331,-1.333
K2-323 b,0.1275,-1.339
K2-322 b,0.0594,-1.039
K2-321 b,0.041,-1.254
K2-320 b,0.0142,-2.125
K2-32 e,0.04899,-0.488
K2-32 d,0.18422,-0.488
K2-32 c,0.13843,-0.488
K2-32 b,0.0795,-0.296
K2-319 b,0.1516,-0.237
K2-318 b,0.0911,-1.277
K2-317 b,0.0542,-1.871
K2-316 c,0.0582,-1.83
K2-316 b,0.0147,-1.83
K2-31 b,0.022,-0.11
K2-30 b,0.04839,-0.256
K2-3 d,0.2014,-1.231
K2-3 c,0.1357,-1.231
K2-3 b,0.0747,-1.231
K2-295 b,0.0451,-0.716
K2-292 b,0.13,0.093
K2-291 b,0.03261,-0.166
K2-290 c,0.305,0.42
K2-290 b,0.0923,0.42
K2-29 b,0.04217,-0.295
K2-289 b,0.107,-0.505
K2-288 B b,0.164,-1.93
K2-287 b,0.1206,-0.108
K2-286 b,0.1768,-1.046
K2-285 e,0.18041,-0.422
K2-285 d,0.1178,-0.422
K2-285 c,0.0824,-0.422
K2-285 b,0.03817,-0.422
K2-284 b,0.04771,-1.013
K2-283 b,0.0291,-0.524
K2-282 b,0.0499,-0.215
K2-281 b,0.0773,-0.647
K2-280 b,0.1461,0.14
K2-28 b,0.0214,-1.94
K2-279 b,0.067,-0.205
K2-278 b,0.0488,0.399
K2-277 b,0.0675,-0.052
K2-276 b,0.1291,-0.405
K2-275 c,0.0881,-0.593
K2-275 b,0.0277,-0.593
K2-274 b,0.0964,-0.509
K2-273 b,0.0729,-0.353
K2-272 b,0.1007,-0.302
K2-271 b,0.077,-0.05
K2-270 c,0.0497,-0.518
K2-270 b,0.0247,-0.558
K2-27 b,0.06702,-0.27
K2-269 b,0.0531,0.468
K2-268 c,0.0819,-0.429
K2-268 b,0.0308,-0.471
K2-266 e,0.1249,-0.823
K2-266 d,0.1035,-0.823
K2-266 c,0.0679,-0.823
K2-266 b,0.01306,-0.823
K2-265 b,0.03376,-0.18
K2-264 c,0.11283,-1.481
K2-264 b,0.05023,-1.481
K2-263 b,0.2573,-0.26
K2-261 b,0.1034,0.328
K2-260 b,0.0404,0.543
K2-26 b,0.0962,-1.31
K2-259 b,0.1271,0.167
K2-258 b,0.149,0.272
K2-257 b,0.0216,-1.381
K2-256 b,0.0578,-0.469
K2-255 b,0.0274,-0.79
K2-254 c,0.0923,-0.822
K2-254 b,0.0448,-0.822
K2-253 b,0.0506,-0.077
K2-252 b,0.1041,-0.408
K2-251 b,0.0694,-1.342
K2-250 b,0.0459,-0.426
K2-25 b,0.0287,-2.088
K2-249 b,0.1151,0.336
K2-248 b,0.0699,-0.189
K2-247 c,0.0615,-0.882
K2-247 b,0.0304,-0.882
K2-246 b,0.0602,-0.151
K2-245 b,0.0959,0.172
K2-244 b,0.1418,-0.118
K2-243 c,0.1817,0.427
K2-243 b,0.1087,0.427
K2-242 b,0.0494,-1.808
K2-241 b,0.1567,-0.446
K2-240 c,0.1159,-1.276
K2-240 b,0.0513,-1.276
K2-24 c,0.247,0.158
K2-24 b,0.154,0.158
K2-239 d,0.0685,-1.796
K2-239 c,0.0576,-1.796
K2-239 b,0.0441,-1.796
K2-238 b,0.046,0.36
K2-237 b,0.03558,0.371
K2-233 d,0.15224,-0.523
K2-233 c,0.06666,-0.523
K2-233 b,0.03308,-0.523
K2-232 b,0.10356,0.238
K2-230 b,0.0409,0.317
K2-229 c,0.0769,-0.389
K2-229 b,0.0131,-0.389
K2-228 b,0.0338,-0.849
K2-226 b,0.0413,-0.276
K2-225 b,0.134,0.395
K2-224 c,0.0886,-0.241
K2-224 b,0.0516,-0.241
K2-223 c,0.0549,-0.035
K2-223 b,0.0127,-0.035
K2-222 b,0.1206,0.139
K2-220 b,0.1104,-0.061
K2-22 b,0.009,-1.074
K2-216 b,0.028,-0.721
K2-214 b,0.0834,0.196
K2-212 b,0.0785,-0.91
K2-21 c,0.107,-0.985
K2-21 b,0.076,-1.026
K2-199 c,0.0662,-0.733
K2-199 b,0.0382,-0.733
K2-197 b,0.0806,-0.114
K2-195 b,0.1208,-0.012
K2-193 b,0.1184,-0.076
K2-192 b,0.049,-0.36
K2-19 d,0.0344,-0.305
K2-19 c,0.0971,-0.305
K2-19 b,0.074,-0.292
K2-189 c,0.068,-0.219
K2-189 b,0.0361,-0.239
K2-188 c,0.0785,0.211
K2-188 b,0.0289,0.184
K2-187 e,0.1106,-0.21
K2-187 d,0.072,-0.196
K2-187 c,0.0392,-0.21
K2-187 b,0.0164,-0.21
K2-184 b,0.1685,-0.399
K2-183 d,0.1527,-0.138
K2-183 c,0.0932,-0.132
K2-182 b,0.0526,-0.408
K2-181 b,0.0706,-0.013
K2-180 b,0.0734,-0.439
K2-18 b,0.1429,-1.597
K2-174 b,0.126,-0.773
K2-17 b,0.119,-0.997
K2-167 b,0.091,0.436
K2-166 b,0.0858,0.458
K2-162 b,0.0795,-0.657
K2-16 c,0.1229,-0.761
K2-16 b,0.0667,-0.761
K2-159 b,0.1013,-0.296
K2-158 c,0.0622,-0.163
K2-158 b,0.0887,-0.163
K2-156 b,0.0149,-0.838
K2-155 d,0.1937,-1.229
K2-155 c,0.0946,-1.229
K2-155 b,0.0562,-1.229
K2-154 c,0.0677,-1.018
K2-154 b,0.0405,-1.018
K2-153 b,0.0614,-1.367
K2-152 b,0.1716,-1.06
K2-151 b,0.0373,-1.553
K2-150 b,0.0727,-1.585
K2-15 b,0.091,-0.453
K2-149 b,0.083,-1.31
K2-148 d,0.0774,-0.996
K2-148 c,0.0616,-0.996
K2-148 b,0.0454,-0.996
K2-147 b,0.0159,-1.292
K2-146 c,0.0327,-1.824
K2-146 b,0.0248,-1.824
K2-141 c,0.0683,-0.75
K2-141 b,0.00747,-0.75
K2-140 b,0.068,-0.049
K2-14 b,0.0627,-0.968
K2-139 b,0.1796,-0.299
K2-138 g,0.23109,-0.287
K2-138 f,0.10447,-0.287
K2-138 e,0.0782,-0.287
K2-138 d,0.05893,-0.287
K2-138 c,0.04461,-0.287
K2-138 b,0.03385,-0.287
K2-137 b,0.0058,-1.484
K2-136 d,0.1538,-0.777
K2-136 c,0.1185,-0.777
K2-136 b,0.0707,-0.777
K2-133 e,0.1346,-1.479
K2-133 d,0.07487,-1.479
K2-133 c,0.04341,-1.479
K2-133 b,0.03194,-1.479
K2-132 b,0.0916,0.943
K2-131 b,0.00936,-0.479
K2-130 b,0.032,-0.799
K2-13 b,0.2114,-0.135
K2-129 b,0.057,-1.828
K2-128 b,0.056,-0.822
K2-127 b,0.0411,-0.254
K2-126 b,0.0656,-0.878
K2-125 b,0.121,-1.641
K2-124 b,0.049,-1.659
K2-123 b,0.1649,-1.143
K2-122 b,0.0373,-1.102
K2-121 b,0.0629,-0.745
K2-120 b,0.078,-0.664
K2-12 b,0.0792,0.072
K2-119 b,0.0698,-0.685
K2-118 b,0.245,-0.561
K2-117 c,0.0492,-1.357
K2-117 b,0.0189,-1.357
K2-116 b,0.048,-0.746
K2-115 b,0.143,-0.145
K2-114 b,0.0943,-0.445
K2-113 b,0.0642,0.009
K2-111 b,0.0565,0.279
K2-110 b,0.10207,-0.567
K2-11 b,0.2257,-0.31
K2-108 b,0.0581,0.405
K2-107 b,0.0475,0.464
K2-105 b,0.0833,-0.189
K2-104 b,0.0242,-1.434
K2-101 b,0.1124,-0.595
K2-100 b,0.0301,0.25
K2-10 b,0.137,-0.101
HR 858 d,0.1027,0.371
HR 858 c,0.0674,0.371
HR 858 b,0.048,0.371
HIP 97166 b,0.089,-0.331
HIP 9618 c,0.2669,-0.075
HIP 9618 b,0.1438,-0.075
HIP 94235 b,0.0787,0.138
HIP 65 A b,0.01782,-0.678
HIP 116454 b,0.07765,-0.471
HD 93963 A c,0.04813,0.098
HD 93963 A b,0.02085,0.098
HD 89345 b,0.1066,0.425
HD 86226 c,0.049,0.072
HD 80653 b,0.01661,0.24
HD 73583 c,0.1242,-0.76
HD 73583 b,0.0604,-0.76
HD 63433 c,0.1458,-0.123
HD 63433 b,0.0719,-0.123
HD 56414 b,0.229,1.158
HD 5278 b,0.1202,0.28
HD 332231 b,0.1436,0.305
HD 3167 c,0.1776,-0.27
HD 3167 b,0.01796,-0.27
HD 307842 b,0.038,-0.19
HD 28109 d,0.411,0.456
HD 28109 c,0.308,0.456
HD 28109 b,0.1357,0.456
HD 2685 b,0.0568,0.668
HD 260655 c,0.04749,-1.44
HD 260655 b,0.02933,-1.44
HD 23472 f,0.0906,-0.625
HD 23472 e,0.068,-0.625
HD 23472 d,0.04298,-0.625
HD 23472 c,0.1646,-0.625
HD 23472 b,0.1162,-0.625
HD 22946 d,0.2958,0.209
HD 22946 c,0.1017,0.209
HD 22946 b,0.05727,0.209
HD 221416 b,0.1228,0.712
HD 219666 b,0.06356,-0.028
HD 21749 c,0.0695,-0.686
HD 213885 b,0.02012,0.139
HD 207897 b,0.1163,-0.444
HD 207496 b,0.0629,-0.509
HD 20329 b,0.018,0.049
HD 202772 A b,0.05208,0.971
HD 191939 d,0.2132,-0.187
HD 191939 c,0.1752,-0.187
HD 191939 b,0.0804,-0.187
HD 18599 b,0.048,-0.429
HD 183579 b,0.1334,0.012
HD 15906 c,0.141,-0.569
HD 15906 b,0.09,-0.569
HD 15337 c,0.1268,-0.326
HD 15337 b,0.0522,-0.326
HD 152843 b,0.1053,0.45
HD 1397 b,0.1097,0.66
HD 137496 b,0.02732,0.366
HD 110113 b,0.035,-0.032
HD 110082 b,0.113,0.281
HD 108236 f,0.1758,-0.15
HD 108236 e,0.1367,-0.15
HD 108236 d,0.1074,-0.15
HD 108236 c,0.062,-0.15
HD 108236 b,0.04527,-0.15
HD 106315 c,0.1536,0.395
HD 106315 b,0.0907,0.35
HATS-9 b,0.0312,0.312
HATS-8 b,0.04667,-0.025
HATS-77 b,0.03607,-0.992
HATS-76 b,0.02658,-1.038
HATS-75 b,0.032742,-1.197
HATS-74 A b,0.02384,-1.216
HATS-72 b,0.066517,-0.659
HATS-71 b,0.03745,-1.56
HATS-70 b,0.03632,1.079
HATS-7 b,0.04012,-0.434
HATS-69 b,0.03211,-0.318
HATS-68 b,0.05071,0.592
HATS-67 b,0.03032,0.547
HATS-66 b,0.04714,0.767
HATS-65 b,0.04497,0.377
HATS-64 b,0.06562,0.867
HATS-63 b,0.04026,0.012
HATS-62 b,0.04163,-0.173
HATS-61 b,0.07908,0.369
HATS-60 b,0.04708,0.3
HATS-6 b,0.03623,-1.1
HATS-59 b,0.06112,-0.004
HATS-58 A b,0.05798,0.689
HATS-57 b,0.03493,-0.094
HATS-56 b,0.06043,0.898
HATS-55 b,0.05412,0.229
HATS-54 b,0.037,0.115
HATS-53 b,0.04753,0.045
HATS-52 b,0.02498,0.068
HATS-51 b,0.04639,0.31
HATS-50 b,0.05046,0.143
HATS-5 b,0.0542,-0.268
HATS-49 b,0.04515,-0.785
HATS-48 A b,0.03769,-0.709
HATS-47 b,0.04269,-0.796
HATS-46 b,0.05367,-0.23
HATS-45 b,0.05511,0.425
HATS-44 b,0.03649,-0.398
HATS-43 b,0.04944,-0.398
HATS-42 b,0.03689,0.425
HATS-41 b,0.0583,0.653
HATS-40 b,0.04997,0.903
HATS-4 b,0.0362,-0.187
HATS-39 b,0.06007,0.64
HATS-38 b,0.05036,0.072
HATS-37 A b,0.04913,-0.256
HATS-36 b,0.0523,0.215
HATS-35 b,0.03199,0.465
HATS-34 b,0.03166,-0.14
HATS-33 b,0.03727,-0.018
HATS-32 b,0.04024,0.057
HATS-31 b,0.0478,0.619
HATS-30 b,0.04354,0.097
HATS-3 b,0.0485,0.456
HATS-29 b,0.05475,0.029
HATS-28 b,0.04131,-0.157
HATS-27 b,0.0611,0.669
HATS-26 b,0.04735,0.704
HATS-25 b,0.05163,0.068
HATS-24 b,0.0238,0.19
HATS-23 b,0.03397,0.155
HATS-22 b,0.05025,-0.646
HATS-2 b,0.023,-0.268
HATS-18 b,0.0174,-0.032
HATS-17 b,0.1308,0.093
HATS-16 b,0.03744,0.173
HATS-15 b,0.02712,-0.204
HATS-14 b,0.03815,-0.173
HATS-13 b,0.04057,-0.321
HATS-12 b,0.0441,0.863
HATS-11 b,0.0507,0.403
HATS-10 b,0.04491,0.117
HATS-1 b,0.0444,0.041
HAT-P-9 b,0.05287,0.418
HAT-P-8 b,0.04496,0.519
HAT-P-70 b,0.04739,1.223
HAT-P-7 b,0.03676,0.814
HAT-P-69 b,0.06555,1
HAT-P-68 b,0.02996,-0.779
HAT-P-67 b,0.06505,0.939
HAT-P-66 b,0.04363,0.615
HAT-P-65 b,0.03951,0.555
HAT-P-64 b,0.05387,0.668
HAT-P-63 b,0.04294,-0.146
HAT-P-62 b,0.03772,0.091
HAT-P-61 b,0.0301,-0.115
HAT-P-60 b,0.06277,0.809
HAT-P-6 b,0.05239,0.553
HAT-P-59 b,0.05064,0.054
HAT-P-58 b,0.04994,0.456
HAT-P-57 b,0.0406,0.806
HAT-P-56 b,0.0423,0.553
HAT-P-55 b,0.04604,0.064
HAT-P-54 b,0.04117,-0.902
HAT-P-53 b,0.03159,0.217
HAT-P-52 b,0.03694,-0.305
HAT-P-51 b,0.05069,-0.066
HAT-P-50 b,0.0453,0.603
HAT-P-5 b,0.04073,0.187
HAT-P-49 b,0.04378,0.814
HAT-P-46 b,0.0577,0.391
HAT-P-45 b,0.0452,0.4
HAT-P-44 b,0.0507,-0.194
HAT-P-43 b,0.0444,0.06
HAT-P-42 b,0.0575,0.356
HAT-P-41 b,0.04258,0.628
HAT-P-40 b,0.0608,0.778
HAT-P-4 b,0.04438,0.431
HAT-P-39 b,0.0509,0.607
HAT-P-38 b,0.0523,-0.208
HAT-P-37 b,0.0379,-0.208
HAT-P-36 b,0.0241,0.022
HAT-P-35 b,0.04978,0.383
HAT-P-34 b,0.06774,0.6
HAT-P-33 b,0.04995,0.618
HAT-P-32 b,0.03397,0.338
HAT-P-31 b,0.061,0.433
HAT-P-30 b,0.0419,0.312
HAT-P-3 b,0.03866,-0.36
HAT-P-29 b,0.0667,0.272
HAT-P-28 b,0.0434,0.053
HAT-P-27 b,0.04,-0.269
HAT-P-26 b,0.0479,-0.359
HAT-P-25 b,0.0466,-0.152
HAT-P-24 b,0.04651,0.408
HAT-P-23 b,0.0232,0.199
HAT-P-22 b,0.0414,-0.114
HAT-P-21 b,0.0494,0.025
HAT-P-20 b,0.0361,-0.721
HAT-P-2 b,0.06814,0.53
HAT-P-19 b,0.0466,-0.432
HAT-P-18 b,0.0559,-0.569
HAT-P-17 b,0.0882,-0.289
HAT-P-16 b,0.0413,0.294
HAT-P-15 b,0.0965,0
HAT-P-14 b,0.0596,0.644
HAT-P-13 b,0.04383,0.346
HAT-P-12 b,0.0384,-0.678
HAT-P-11 b,0.05254,-0.567
HAT-P-1 b,0.05561,0.225
Gaia-2 b,0.0467,0.057
Gaia-1 b,0.04047,-0.159
GPX-1 b,0.0338,0.727
GJ 9827 d,0.0559,-0.942
GJ 9827 c,0.03925,-0.942
GJ 9827 b,0.0188,-0.942
GJ 3929 b,0.0252,-1.963
GJ 367 b,0.0071,-1.541
GJ 357 b,0.035,-1.798
GJ 3473 b,0.01589,-1.824
GJ 3090 b,0.03165,-1.342
GJ 143 b,0.1915,-0.686
GJ 1252 b,0.00915,-1.708
GJ 1214 b,0.0149,-2.337
GJ 1132 b,0.0153,-2.359
G 9-40 b,0.0385,-1.971
EPIC 249893012 d,0.22,0.356
EPIC 249893012 c,0.13,0.356
EPIC 249893012 b,0.047,0.356
EPIC 248847494 b,4.5,0.548
EPIC 246851721 b,0.07229,0.526
EPIC 229004835 b,0.1237,0.03
EPIC 220674823 c,0.1083,-0.119
EPIC 220674823 b,0.01326,-0.119
EPIC 212737443 c,0.28,-0.804
EPIC 212737443 b,0.098,-0.751
EPIC 211945201 b,0.1493,0.373
EPIC 211822797 b,0.1195,-1.153
EPIC 201841433 b,0.035,-0.635
EPIC 201757695.02,0.0296,-0.364
EPIC 201170410.02,0.0349,-1.9
CoRoTID 223977153 b,0.071,-0.155
CoRoT-9 b,0.4021,-0.254
CoRoT-8 b,0.063,-0.4
CoRoT-7 b,0.017016,-0.289
CoRoT-6 b,0.0855,0.026
CoRoT-5 b,0.04947,0.18
CoRoT-4 b,0.09,0.185
CoRoT-36 b,0.066,0.813
CoRoT-35 b,0.0429,0.362
CoRoT-31 b,0.0586,0.398
CoRoT-30 b,0.0844,-0.197
CoRoT-3 b,0.05783,0.391
CoRoT-29 b,0.0386,-0.094
CoRoT-28 b,0.0603,0.388
CoRoT-27 b,0.0476,-0.166
CoRoT-26 b,0.0526,0.451
CoRoT-25 b,0.0578,0.141
CoRoT-24 c,0.098,-0.601
CoRoT-24 b,0.056,-0.601
CoRoT-23 b,0.048,0.087
CoRoT-22 b,0.092,0.014
CoRoT-21 b,0.0417,0.705
CoRoT-20 b,0.09,0.17
CoRoT-2 b,0.02798,-0.131
CoRoT-19 b,0.0518,0.544
CoRoT-18 b,0.0295,-0.17
CoRoT-17 b,0.0461,0.134
CoRoT-16 b,0.0618,-0.435
CoRoT-14 b,0.027,0.119
CoRoT-13 b,0.051,0.073
CoRoT-12 b,0.04016,0.07
CoRoT-11 b,0.0436,0.378
CoRoT-10 b,0.1055,-0.726
CoRoT-1 b,0.02752,0.298
BD+20 594 b,0.241,-0.056
AU Mic c,0.1101,-1.046
AU Mic b,0.0645,-1.046
