AU Mic b,4.07,0.7
AU Mic c,3.24,0.75
BD+20 594 b,2.578,1.08
CoRoT-1 b,16.7,1.11
CoRoT-10 b,10.87,0.79
CoRoT-11 b,16.03,1.37
CoRoT-12 b,16.14,1.12
CoRoT-13 b,9.92,1.01
CoRoT-14 b,12.22,1.21
CoRoT-16 b,13.11,1.19
CoRoT-17 b,11.43,1.59
CoRoT-18 b,14.68,1
CoRoT-19 b,14.46,1.65
CoRoT-2 b,16.432,0.91
CoRoT-20 b,9.416,1.02
CoRoT-21 b,14.572,1.95
CoRoT-22 b,4.88,1.14
CoRoT-23 b,11.77,1.61
CoRoT-24 b,3.7,0.86
CoRoT-24 c,5,0.86
CoRoT-25 b,12.11,1.19
CoRoT-26 b,14.12,1.79
CoRoT-27 b,11.287,1.08
CoRoT-28 b,10.705,1.78
CoRoT-29 b,10.088,0.9
CoRoT-3 b,11.32,1.56
CoRoT-30 b,11.31,0.91
CoRoT-31 b,16.365,2.15
CoRoT-35 b,18.831,1.65
CoRoT-36 b,15.805,1.52
CoRoT-4 b,13.34,1.17
CoRoT-5 b,15.558,1.19
CoRoT-6 b,13.068,1.03
CoRoT-7 b,1.681,0.83
CoRoT-8 b,6.39,0.77
CoRoT-9 b,11.949,0.96
CoRoTID 223977153 b,6.389,0.79
DS Tuc A b,5.7,0.96
EPIC 201170410.02,1.047,0.28
EPIC 201238110 b,1.87,0.37
EPIC 201427007 b,1.5,0.94
EPIC 201497682 b,0.692,0.55
EPIC 201595106 b,1.3,0.93
EPIC 201615463 c,1.22,1.6
EPIC 201754305 d,1.03,0.54
EPIC 201757695.02,0.908,0.66
EPIC 201833600 c,1,0.63
EPIC 201841433 b,1.04,0.63
EPIC 205950854 c,1.31,0.83
EPIC 206024342 b,1.7,0.82
EPIC 206024342 c,1.4,1.1
EPIC 206024342 d,2.6,1.1
EPIC 206032309 b,1.01,0.37
EPIC 206042996 b,1.7,0.5
EPIC 206042996 c,1.2,0.5
EPIC 206215704 b,1,0.25
EPIC 206317286 b,0.96,0.67
EPIC 206317286 c,2.094,0.76
EPIC 211822797 b,1.92,0.58
EPIC 211945201 b,5.76,1.39
EPIC 212297394 b,1.48,0.8
EPIC 212297394 c,2.27,0.8
EPIC 212424622 b,2.17,1.22
EPIC 212499991 b,1.6,0.76
EPIC 212587672 b,1.26,0.98
EPIC 212587672 c,2.32,0.98
EPIC 212624936 b,1.2,0.93
EPIC 212624936 c,2.3,0.93
EPIC 212737443 b,2.586,0.67
EPIC 212737443 c,2.69,0.67
EPIC 220492298 b,0.99,0.89
EPIC 220554210 c,1.6,1
EPIC 220674823 b,1.725,0.99
EPIC 220674823 c,2.836,0.99
EPIC 228836835 b,1.1,0.32
EPIC 229004835 b,2.332,1
EPIC 246851721 b,11.781,1.59
EPIC 248847494 b,12.442,2.7
EPIC 249893012 b,1.95,1.71
EPIC 249893012 c,3.67,1.71
EPIC 249893012 d,3.94,1.71
G 9-40 b,2.025,0.31
GJ 1132 b,1.13,0.21
GJ 1214 b,2.742,0.2
GJ 1252 b,1.193,0.39
GJ 143 b,2.61,0.7
GJ 3090 b,2.13,0.52
GJ 3473 b,1.264,0.36
GJ 357 b,1.217,0.34
GJ 367 b,0.718,0.46
GJ 3929 b,1.09,0.32
GJ 9827 b,1.577,0.6
GJ 9827 c,1.241,0.6
GJ 9827 d,2.022,0.6
GPX-1 b,16.477,1.56
Gaia-1 b,13.776,0.95
Gaia-2 b,14.818,1.06
HAT-P-1 b,14.785,1.17
HAT-P-11 b,4.36,0.68
HAT-P-12 b,10.749,0.7
HAT-P-13 b,14.258,1.76
HAT-P-14 b,15.917,1.82
HAT-P-15 b,11.882,1.07
HAT-P-16 b,14.448,1.24
HAT-P-17 b,11.769,0.87
HAT-P-18 b,11.153,0.75
HAT-P-19 b,12.689,0.82
HAT-P-2 b,12.663,1.39
HAT-P-20 b,9.718,0.69
HAT-P-21 b,12.442,1.21
HAT-P-22 b,12.89,1.11
HAT-P-23 b,12.218,0.96
HAT-P-24 b,14.572,1.38
HAT-P-25 b,12.722,0.92
HAT-P-26 b,7.062,0.86
HAT-P-27 b,11.43,0.86
HAT-P-28 b,13.585,1.1
HAT-P-29 b,13.115,1.3
HAT-P-3 b,10.536,0.87
HAT-P-30 b,16.141,1.31
HAT-P-31 b,12.218,1.39
HAT-P-32 b,22.194,1.37
HAT-P-33 b,20.737,1.79
HAT-P-34 b,13.417,1.53
HAT-P-35 b,14.93,1.44
HAT-P-36 b,14.314,1.04
HAT-P-37 b,13.204,0.88
HAT-P-38 b,9.247,0.92
HAT-P-39 b,17.609,1.62
HAT-P-4 b,14.28,1.62
HAT-P-40 b,17.038,1.94
HAT-P-41 b,22.978,2.05
HAT-P-42 b,14.348,1.53
HAT-P-43 b,13.63,1.08
HAT-P-44 b,13.922,0.95
HAT-P-45 b,15.984,1.32
HAT-P-46 b,14.392,1.4
HAT-P-49 b,17.822,2.06
HAT-P-5 b,13.563,1.12
HAT-P-50 b,14.437,1.7
HAT-P-51 b,14.493,1.04
HAT-P-52 b,11.31,0.89
HAT-P-53 b,14.773,1.21
HAT-P-54 b,10.581,0.62
HAT-P-55 b,13.249,1.01
HAT-P-56 b,16.926,1.47
HAT-P-57 b,19.504,1.85
HAT-P-58 b,14.93,1.53
HAT-P-59 b,12.588,1.1
HAT-P-6 b,16.589,1.62
HAT-P-60 b,18.282,2.2
HAT-P-61 b,10.077,0.94
HAT-P-62 b,12.027,1.17
HAT-P-63 b,12.543,0.97
HAT-P-64 b,19.089,1.74
HAT-P-65 b,21.185,1.86
HAT-P-66 b,17.822,1.88
HAT-P-67 b,23.371,2.55
HAT-P-68 b,12.016,0.67
HAT-P-69 b,18.786,1.93
HAT-P-7 b,16.926,2
HAT-P-70 b,20.961,1.86
HAT-P-8 b,15.693,1.57
HAT-P-9 b,15.614,1.34
HATS-1 b,14.594,1.04
HATS-10 b,10.862,1.1
HATS-11 b,18.03,1.54
HATS-12 b,7.76,1.17
HATS-13 b,13.585,0.89
HATS-14 b,11.646,0.93
HATS-15 b,12.386,0.92
HATS-16 b,14.572,1.24
HATS-17 b,8.709,1.09
HATS-18 b,14.897,1.02
HATS-2 b,13.092,0.9
HATS-22 b,10.682,0.69
HATS-23 b,20.849,1.2
HATS-24 b,15.637,1.12
HATS-25 b,14.123,1.11
HATS-26 b,19.616,2.04
HATS-27 b,16.814,1.74
HATS-28 b,13.384,0.92
HATS-29 b,14.022,1.07
HATS-3 b,15.48,1.4
HATS-30 b,13.171,1.06
HATS-31 b,18.383,1.87
HATS-32 b,14,1.1
HATS-33 b,13.787,1.02
HATS-34 b,16.029,0.98
HATS-35 b,16.41,1.43
HATS-36 b,12.92,1.1
HATS-37 A b,6.793,0.88
HATS-38 b,6.882,1.1
HATS-39 b,17.598,1.62
HATS-4 b,11.433,0.93
HATS-40 b,17.71,2.26
HATS-41 b,14.908,1.71
HATS-42 b,15.693,1.48
HATS-43 b,13.227,0.81
HATS-44 b,11.96,0.85
HATS-45 b,14.415,1.32
HATS-46 b,10.122,0.85
HATS-47 b,12.52,0.66
HATS-48 A b,8.967,0.72
HATS-49 b,8.575,0.7
HATS-5 b,10.223,0.87
HATS-50 b,12.666,1.12
HATS-51 b,15.805,1.44
HATS-52 b,15.491,1.05
HATS-53 b,15.02,1.1
HATS-54 b,11.377,1.23
HATS-55 b,14.022,1.13
HATS-56 b,18.921,2.2
HATS-57 b,12.767,0.96
HATS-58 A b,12.274,1.43
HATS-59 b,12.621,1.04
HATS-6 b,11.187,0.57
HATS-60 b,12.924,1.46
HATS-61 b,13.395,1.66
HATS-62 b,11.825,0.93
HATS-63 b,13.529,1.07
HATS-64 b,18.82,2.11
HATS-65 b,16.825,1.31
HATS-66 b,15.816,1.84
HATS-67 b,18.887,1.44
HATS-68 b,13.809,1.75
HATS-69 b,10.593,0.88
HATS-7 b,6.311,0.82
HATS-70 b,15.513,1.88
HATS-71 b,11.478,0.48
HATS-72 b,8.097,0.72
HATS-74 A b,11.568,0.58
HATS-75 b,9.909,0.58
HATS-76 b,12.094,0.63
HATS-77 b,13.058,0.64
HATS-8 b,9.785,1.09
HATS-9 b,13.85,1.56
HD 106315 b,2.44,1.3
HD 106315 c,4.35,1.3
HD 108236 b,1.615,0.88
HD 108236 c,2.071,0.88
HD 108236 d,2.539,0.88
HD 108236 e,3.083,0.88
HD 108236 f,2.017,0.88
HD 109833 b,2.888,1
HD 109833 c,2.59,1
HD 110082 b,3.2,1.19
HD 110113 b,2.05,0.97
HD 137496 b,1.31,1.59
HD 1397 b,11.5,2.34
HD 152843 b,3.41,1.43
HD 152843 c,5.83,1.43
HD 15337 b,1.64,0.86
HD 15337 c,2.39,0.86
HD 15906 b,2.24,0.76
HD 15906 c,2.93,0.76
HD 183579 b,3.55,0.99
HD 18599 b,2.6,0.77
HD 191939 b,3.41,0.94
HD 191939 c,3.195,0.94
HD 191939 d,2.995,0.94
HD 202772 A b,17.318,2.59
HD 20329 b,1.72,1.13
HD 207496 b,2.25,0.77
HD 207897 b,2.501,0.78
HD 213885 b,1.745,1.1
HD 21749 c,0.892,0.7
HD 219666 b,4.71,1.03
HD 221416 b,9.17,2.94
HD 22946 b,1.362,1.12
HD 22946 c,2.328,1.12
HD 22946 d,2.607,1.12
HD 23472 b,2,0.71
HD 23472 c,1.87,0.71
HD 23472 d,0.75,0.71
HD 23472 e,0.818,0.71
HD 23472 f,1.137,0.71
HD 260655 b,1.24,0.44
HD 260655 c,1.533,0.44
HD 2685 b,16.141,1.56
HD 28109 b,2.199,1.45
HD 28109 c,4.23,1.45
HD 28109 d,3.25,1.45
HD 307842 b,1.93,0.91
HD 3167 b,1.67,0.88
HD 3167 c,3,0.88
HD 332231 b,9.718,1.28
HD 5278 b,2.45,1.19
HD 56414 b,3.71,1.75
HD 63433 b,2.15,0.91
HD 63433 c,2.67,0.91
HD 63935 b,2.99,0.96
HD 73583 b,2.79,0.65
HD 73583 c,2.39,0.65
HD 80653 b,1.613,1.22
HD 86226 c,2.16,1.05
HD 89345 b,7.398,1.75
HD 93963 A b,1.35,1.04
HD 93963 A c,3.228,1.04
HIP 116454 b,2.53,0.72
HIP 41378 b,2.507,1.34
HIP 41378 c,2.56,1.34
HIP 41378 d,3.96,1.34
HIP 41378 e,5.51,1.34
HIP 41378 f,10.2,1.34
HIP 65 A b,22.754,0.72
HIP 67522 b,10.07,1.38
HIP 94235 b,3,1.08
HIP 9618 b,3.9,0.97
HIP 9618 c,3.343,0.97
HIP 97166 b,2.74,0.84
HR 858 b,2.085,1.31
HR 858 c,1.939,1.31
HR 858 d,2.164,1.31
K2-10 b,3.84,0.98
K2-100 b,3.88,1.24
K2-101 b,2,0.76
K2-102 b,1.3,0.71
K2-104 b,1.79,0.48
K2-105 b,3.59,0.97
K2-107 b,15.98,1.81
K2-108 b,5.33,1.76
K2-11 b,7.55,5.15
K2-110 b,2.592,0.71
K2-111 b,1.82,1.25
K2-113 b,12.14,1.24
K2-114 b,10.447,0.82
K2-115 b,12.06,0.88
K2-116 b,0.69,0.67
K2-117 b,2.03,0.51
K2-117 c,2.06,0.51
K2-118 b,2.54,0.73
K2-119 b,2.53,0.71
K2-12 b,2.44,1.12
K2-120 b,2.01,0.67
K2-121 b,7.52,0.67
K2-122 b,1.16,0.59
K2-123 b,2.76,0.59
K2-124 b,2.9,0.39
K2-125 b,2.18,0.4
K2-126 b,1.97,0.65
K2-127 b,8.37,0.66
K2-128 b,1.42,0.78
K2-129 b,1.04,0.36
K2-13 b,1.89,0.78
K2-130 b,1.25,0.74
K2-131 b,1.69,0.76
K2-132 b,14.572,3.85
K2-133 b,1.34,0.46
K2-133 c,1.603,0.46
K2-133 d,2.003,0.46
K2-133 e,1.73,0.46
K2-136 b,1.014,0.68
K2-136 c,3,0.68
K2-136 d,1.565,0.68
K2-137 b,0.64,0.29
K2-138 b,1.51,0.86
K2-138 c,2.299,0.86
K2-138 d,2.39,0.86
K2-138 e,3.39,0.86
K2-138 f,2.904,0.86
K2-138 g,3.013,0.86
K2-139 b,9.11,0.88
K2-14 b,4.81,0.45
K2-140 b,13.563,1.06
K2-141 b,1.51,0.68
K2-141 c,7,0.68
K2-146 b,2.05,0.33
K2-146 c,2.19,0.33
K2-147 b,0.73,0.31
K2-148 b,1.33,0.63
K2-148 c,1.73,0.63
K2-148 d,1.64,0.63
K2-149 b,1.64,0.57
K2-15 b,2.48,0.68
K2-150 b,2,0.44
K2-151 b,1.49,0.45
K2-152 b,2.29,0.61
K2-153 b,2,0.53
K2-154 b,1.99,0.63
K2-154 c,2.07,0.63
K2-155 b,1.8,0.58
K2-155 c,2.6,0.58
K2-155 d,1.9,0.58
K2-156 b,1.1,0.62
K2-157 b,1,0.88
K2-158 b,2.64,0.95
K2-158 c,1.28,0.95
K2-159 b,2.26,0.83
K2-16 b,2.02,0.66
K2-16 c,2.54,0.66
K2-160 b,3.178,0.91
K2-161 b,6.117,2.57
K2-162 b,1.44,0.69
K2-163 b,2.466,0.76
K2-164 b,3.249,2.2
K2-165 b,1.274,0.8
K2-165 c,1.554,0.8
K2-165 d,2.648,0.8
K2-166 b,2.19,1.61
K2-167 b,2.3,1.49
K2-168 b,1.86,0.83
K2-169 b,1.273,0.92
K2-17 b,2.23,0.66
K2-170 b,1.418,0.98
K2-170 c,1.802,0.98
K2-171 b,2.687,1.72
K2-172 b,1.666,0.87
K2-172 c,3.206,0.87
K2-173 b,1.608,0.84
K2-174 b,2.6,0.68
K2-175 b,2.038,1.42
K2-176 b,1.491,0.86
K2-177 b,2.116,1.21
K2-178 b,3.558,0.89
K2-179 b,2.513,0.77
K2-18 b,2.37,0.41
K2-180 b,2.52,0.72
K2-181 b,2.84,1.07
K2-182 b,2.69,0.79
K2-183 b,1.1,0.87
K2-183 c,2.3,0.87
K2-183 d,2.3,0.87
K2-184 b,1.47,0.75
K2-185 b,1.15,0.94
K2-185 c,2.39,0.94
K2-186 b,3.172,0.98
K2-187 b,1.2,0.83
K2-187 c,1.4,0.83
K2-187 d,2.4,0.83
K2-187 e,1.9,0.83
K2-188 b,1.35,1.19
K2-188 c,2.83,1.19
K2-189 b,1.52,0.87
K2-189 c,2.5,0.87
K2-19 b,7,0.82
K2-19 c,4.1,0.82
K2-19 d,1.11,0.82
K2-190 b,1.357,0.91
K2-190 c,1.093,0.91
K2-191 b,1.579,0.84
K2-192 b,1.52,0.81
K2-193 b,3.95,0.98
K2-194 b,3.642,1.28
K2-195 b,3.13,0.99
K2-195 c,2.576,0.91
K2-196 b,3.6,1.54
K2-197 b,2.56,0.93
K2-198 b,4.189,0.76
K2-198 c,1.423,0.76
K2-198 d,2.438,0.76
K2-199 b,1.73,0.68
K2-199 c,2.85,0.68
K2-200 b,1.364,0.79
K2-201 b,1.4,0.88
K2-201 c,3.286,0.88
K2-202 b,2.302,0.91
K2-203 b,1.371,0.76
K2-204 b,3.046,1.18
K2-205 b,1.996,1.08
K2-206 b,2.795,0.76
K2-207 b,2.606,0.93
K2-208 b,1.679,0.86
K2-209 b,0.869,0.71
K2-21 b,1.84,0.65
K2-21 c,2.49,0.65
K2-210 b,0.86,0.89
K2-211 b,1.3,0.79
K2-212 b,2.65,0.68
K2-213 b,1.514,1.2
K2-214 b,2.43,1.27
K2-215 b,2.124,0.97
K2-216 b,1.75,0.72
K2-217 b,3.579,1.33
K2-218 b,2.569,1.01
K2-219 b,1.348,1.19
K2-219 c,1.438,1.19
K2-219 d,2.576,1.19
K2-22 b,2.3,0.58
K2-220 b,2.39,1.02
K2-221 b,1.679,0.95
K2-222 b,2.35,1.11
K2-223 b,0.89,1
K2-223 c,1.5,1
K2-224 b,1.56,0.84
K2-224 c,2.41,0.84
K2-225 b,3.49,1.7
K2-226 b,1.54,0.91
K2-227 b,1.666,0.89
K2-228 b,1.21,0.65
K2-229 b,1,0.79
K2-229 c,2.03,0.79
K2-230 b,1.96,1.39
K2-231 b,2.5,0.95
K2-232 b,11.209,1.16
K2-233 b,1.343,0.71
K2-233 c,1.281,0.71
K2-233 d,2.358,0.71
K2-237 b,16.197,1.26
K2-238 b,14.572,1.59
K2-239 b,1.1,0.36
K2-239 c,1,0.36
K2-239 d,1.1,0.36
K2-24 b,5.4,1.16
K2-24 c,7.5,1.16
K2-240 b,2,0.54
K2-240 c,1.8,0.54
K2-241 b,2.55,0.75
K2-242 b,2.54,0.37
K2-243 b,2.17,1.39
K2-243 c,2.01,1.39
K2-244 b,1.75,0.92
K2-245 b,4.34,1.25
K2-246 b,3.49,0.94
K2-247 b,2.12,0.69
K2-247 c,2.19,0.69
K2-248 b,2.57,0.92
K2-249 b,2.79,1.57
K2-25 b,3.44,0.29
K2-250 b,2.44,0.81
K2-251 b,2.35,0.49
K2-252 b,1.74,0.82
K2-253 b,12.67,1.1
K2-254 b,1.63,0.67
K2-254 c,2.19,0.67
K2-255 b,2.9,0.69
K2-256 b,2.63,0.78
K2-257 b,0.83,0.5
K2-258 b,3,1.31
K2-259 b,2.32,1.13
K2-26 b,2.67,0.52
K2-260 b,17.396,1.69
K2-261 b,9.528,1.64
K2-263 b,2.41,0.85
K2-264 b,2.231,0.47
K2-264 c,2.668,0.47
K2-265 b,1.71,0.98
K2-266 b,3.3,0.7
K2-266 c,0.705,0.7
K2-266 d,2.93,0.7
K2-266 e,2.73,0.7
K2-268 b,1.5,0.78
K2-268 c,2.69,0.78
K2-268 d,1.49,0.78
K2-268 e,1.33,0.78
K2-268 f,2.23,0.78
K2-269 b,1.57,1.45
K2-27 b,4.48,0.89
K2-270 b,1.38,0.77
K2-270 c,2.95,0.77
K2-271 b,7.28,0.99
K2-272 b,3.13,0.83
K2-273 b,3.05,0.85
K2-274 b,2.08,0.7
K2-275 b,2.34,0.69
K2-275 c,2.21,0.69
K2-276 b,3.77,0.85
K2-277 b,2.07,0.97
K2-278 b,2.98,1.61
K2-279 b,1.21,0.86
K2-28 b,2.32,0.29
K2-280 b,7.5,1.28
K2-281 b,8.18,0.76
K2-282 b,2.5,1
K2-283 b,3.52,0.82
K2-284 b,2.78,0.61
K2-285 b,2.59,0.79
K2-285 c,3.53,0.79
K2-285 d,2.48,0.79
K2-285 e,1.95,0.79
K2-286 b,2.1,0.62
K2-287 b,9.494,1.07
K2-288 B b,1.9,0.32
K2-289 b,9.1,1.02
K2-29 b,13.339,0.86
K2-290 b,3.06,1.51
K2-290 c,11.276,1.51
K2-291 b,1.589,0.9
K2-292 b,2.63,1.09
K2-293 b,2.45,0.95
K2-294 b,1.66,1.2
K2-295 b,10.054,0.7
K2-3 b,2.078,0.55
K2-3 c,1.582,0.55
K2-3 d,1.458,0.55
K2-30 b,11.646,0.84
K2-308 b,9.916,1.24
K2-31 b,11.882,0.78
K2-315 b,0.95,0.2
K2-316 b,1.33,0.38
K2-316 c,1.83,0.38
K2-317 b,2.93,0.38
K2-318 b,1.66,0.55
K2-319 b,2.79,0.9
K2-32 b,5.299,0.86
K2-32 c,3.134,0.86
K2-32 d,3.484,0.86
K2-32 e,1.212,0.86
K2-320 b,2.62,0.3
K2-321 b,1.95,0.58
K2-322 b,1.92,0.6
K2-323 b,2.1,0.55
K2-324 b,2.43,0.51
K2-325 b,2.2,0.3
K2-326 b,2.28,0.69
K2-329 b,8.676,0.82
K2-33 b,5.04,1.05
K2-330 b,2.77,1.5
K2-331 b,1.79,1.06
K2-331 c,2.72,1.06
K2-332 b,2.2,0.28
K2-333 b,6.18,1.22
K2-334 b,5.65,1.49
K2-335 b,2.21,1.33
K2-336 b,1.22,0.8
K2-337 b,2.62,1.32
K2-338 b,1.03,0.63
K2-339 b,1.92,0.72
K2-34 b,13.75,1.42
K2-340 b,3.36,1.13
K2-341 b,3.21,1.16
K2-342 b,2.03,1.09
K2-343 b,1.65,0.46
K2-343 c,2.02,0.46
K2-344 b,1.59,0.49
K2-345 b,2.11,0.52
K2-346 b,2.26,0.7
K2-347 b,2.41,0.63
K2-348 b,3.26,0.85
K2-348 c,2.67,0.85
K2-349 b,1.38,0.49
K2-35 b,1.32,0.62
K2-35 c,1.93,0.62
K2-350 b,1.54,1.04
K2-350 c,2.74,1.04
K2-351 b,2.54,1.05
K2-352 b,1.37,0.95
K2-352 c,1.92,0.95
K2-352 d,2.23,0.95
K2-353 b,5.55,0.99
K2-354 b,1.56,0.41
K2-355 b,2.25,0.92
K2-356 b,2.29,0.86
K2-357 b,3.72,1
K2-358 b,2.68,0.91
K2-36 b,1.43,0.72
K2-36 c,3.2,0.72
K2-365 b,2.906,1.05
K2-366 b,2.359,0.94
K2-367 b,2.413,0.62
K2-368 b,1.332,0.66
K2-368 c,1.361,0.66
K2-368 d,1.948,0.66
K2-369 b,1.313,0.88
K2-37 b,1.61,0.85
K2-37 c,2.75,0.85
K2-37 d,2.73,0.85
K2-370 b,3.207,0.97
K2-371 b,13.024,0.74
K2-372 b,2.945,0.92
K2-373 b,2.061,1.49
K2-374 b,1.593,0.91
K2-374 c,2.213,0.91
K2-375 b,2.243,1.54
K2-376 b,1.736,1.15
K2-377 b,1.693,0.69
K2-378 b,2.88,0.73
K2-379 b,2.181,0.75
K2-38 b,1.655,1.14
K2-38 c,2.49,1.14
K2-380 b,2.729,1.32
K2-381 b,1.075,0.68
K2-381 c,2,0.68
K2-381 d,1.689,0.68
K2-382 b,2.072,0.81
K2-383 b,1.564,0.8
K2-384 b,1.076,0.35
K2-384 c,1.191,0.35
K2-384 d,1.392,0.35
K2-384 e,1.345,0.35
K2-384 f,2.222,0.35
K2-385 b,1.539,0.76
K2-386 b,2.32,0.97
K2-387 b,7.322,0.59
K2-388 b,3.66,0.9
K2-389 b,2.184,1.08
K2-389 c,2.04,1.08
K2-39 b,6.277,2.97
K2-390 b,4.662,0.97
K2-391 b,1.371,0.57
K2-392 b,1.85,1.06
K2-393 b,2.352,1.07
K2-394 b,1.692,0.63
K2-395 b,2.597,0.78
K2-395 c,3.395,0.78
K2-396 b,1.579,0.92
K2-396 c,3.124,0.92
K2-397 b,2.417,0.97
K2-398 b,2.274,1.24
K2-398 c,5.098,1.24
K2-399 b,6.049,1.54
K2-4 b,2.1,0.57
K2-400 b,1.163,0.38
K2-401 b,2.262,0.68
K2-402 b,2.678,1.28
K2-403 b,5.333,0.89
K2-404 b,2.53,0.55
K2-405 b,4.569,0.77
K2-406 b,4.602,0.96
K2-407 b,1.283,0.93
K2-407 c,1.36,0.93
K2-408 b,1.677,0.78
K2-409 b,2.482,1.23
K2-411 b,0.99,1.38
K2-412 b,2.116,0.98
K2-413 b,0.76,0.7
K2-413 c,1.233,0.7
K2-414 b,1.219,0.73
K2-414 c,1.929,0.73
K2-415 b,1.015,0.2
K2-416 b,2.66,0.55
K2-417 b,3.31,0.58
K2-42 b,2.15,0.64
K2-43 b,4.51,0.54
K2-43 c,2.42,0.54
K2-44 b,2.433,1.58
K2-45 b,6.71,0.45
K2-46 b,2.05,1.29
K2-47 b,1.89,0.76
K2-48 b,2.24,0.73
K2-49 b,1.93,0.45
K2-5 b,1.91,0.57
K2-5 c,2.26,0.57
K2-50 b,1.59,0.55
K2-52 b,18,2.19
K2-53 b,2.6,0.81
K2-54 b,1.15,0.38
K2-55 b,3.82,0.63
K2-57 b,2.1,0.62
K2-58 b,2.68,0.86
K2-58 c,1.62,0.86
K2-58 d,1.71,0.86
K2-59 b,2.41,0.73
K2-59 c,2.3,0.73
K2-6 b,2.5,0.96
K2-60 b,7.656,1.12
K2-61 b,2.48,1.36
K2-62 b,2.14,0.73
K2-62 c,2.14,0.73
K2-63 b,3.22,1.63
K2-63 c,3.9,1.63
K2-64 b,2.07,0.73
K2-65 b,1.58,0.84
K2-66 b,2.49,1.67
K2-68 b,1.58,0.68
K2-69 b,2.32,0.49
K2-7 b,2.67,0.96
K2-70 b,2.89,0.93
K2-71 b,2.15,0.43
K2-72 b,1.08,0.33
K2-72 c,1.16,0.33
K2-72 d,1.01,0.33
K2-72 e,1.29,0.33
K2-73 b,2.45,1.06
K2-74 b,2.31,0.98
K2-75 b,2.67,1.56
K2-75 c,2.77,1.56
K2-77 b,2.3,0.76
K2-79 b,4.09,1.27
K2-8 b,3.58,0.74
K2-8 c,2.41,0.74
K2-80 b,2.01,0.87
K2-80 c,1.47,0.87
K2-80 d,2.552,0.84
K2-81 b,1.97,0.63
K2-83 b,1.244,0.42
K2-83 c,1.483,0.42
K2-84 b,2.41,0.93
K2-84 c,2.03,0.93
K2-85 b,1.2,0.68
K2-86 b,1.96,0.76
K2-87 b,7.6,1.4
K2-88 b,1.23,0.26
K2-89 b,0.615,0.32
K2-9 b,2.25,0.31
K2-90 b,2.6,0.62
K2-90 c,1.3,0.63
K2-91 b,1.1,0.28
K2-95 b,3.31,0.4
K2-97 b,10.61,4.47
K2-98 b,5.2,1.57
K2-99 b,11.73,2.63
KELT-1 b,12.442,1.46
KELT-10 b,15.681,1.21
KELT-11 b,15.132,2.69
KELT-12 b,19.952,2.37
KELT-14 b,19.537,1.52
KELT-15 b,19.504,1.78
KELT-16 b,15.861,1.36
KELT-17 b,17.094,1.65
KELT-18 b,17.598,1.91
KELT-19 A b,21.409,1.83
KELT-2 A b,15.132,1.93
KELT-20 b,19.515,1.57
KELT-21 b,17.777,1.64
KELT-23 A b,14.83,1
KELT-24 b,14.258,1.51
KELT-3 b,17.486,1.7
KELT-4 A b,19.044,1.6
KELT-6 b,14.572,1.73
KELT-7 b,17.934,1.81
KELT-8 b,18.159,1.46
KELT-9 b,21.196,2.36
KIC 10525077 b,5.5,1.01
KIC 3558849 b,6.9,1.01
KIC 5437945 b,6.4,1.24
KIC 5951458 b,6.6,1.52
KIC 8540376 b,4.1,1.26
KIC 8540376 c,2.4,1.26
KIC 9663113 b,4.6,1.03
KOI-12 b,13.787,1.4
KOI-1257 b,10.54,1.13
KOI-13 b,16.948,1.74
KOI-142 b,3.438,0.9
KOI-142 c,14,0.9
KOI-1599.01,1.9,0.97
KOI-1599.02,1.9,0.97
KOI-1783.01,8.86,1.14
KOI-1783.02,5.44,1.14
KOI-1831 d,1.13,0.84
KOI-1833 d,2.58,0.67
KOI-217 b,12.442,0.86
KOI-3503 b,1.19,1.25
KOI-3503 c,1.21,1.25
KOI-351 b,1.31,1.2
KOI-351 c,1.19,1.2
KOI-351 d,2.87,1.2
KOI-351 e,2.66,1.2
KOI-351 f,2.88,1.2
KOI-351 g,8.1,1.2
KOI-351 h,11.3,1.2
KOI-3680 b,11.097,0.96
KOI-4777.01,0.51,0.4
KOI-7368 b,2.22,0.87
KOI-7913 b,2.34,0.79
KOI-94 b,1.71,1.52
KOI-94 c,4.32,1.52
KOI-94 d,11.27,1.52
KOI-94 e,6.56,1.52
KOI-984 b,4.3,0.82
KOI-984 c,14.1,0.82
KPS-1 b,11.545,0.91
Kepler-10 b,1.47,1.06
Kepler-10 c,2.355,1.06
Kepler-100 b,1.32,1.49
Kepler-100 c,2.2,1.49
Kepler-100 d,1.61,1.49
Kepler-1000 b,4.76,1.51
Kepler-1001 b,3.15,0.88
Kepler-1001 c,1.578,0.84
Kepler-1002 b,1.71,1.57
Kepler-1003 b,1.78,1.17
Kepler-1004 b,6.28,3.39
Kepler-1005 b,1.5,1.06
Kepler-1006 b,1.54,0.74
Kepler-1007 b,1.44,0.7
Kepler-1008 b,1.28,0.78
Kepler-1009 b,2.17,0.57
Kepler-101 b,5.77,1.56
Kepler-101 c,1.25,1.56
Kepler-1010 b,2.32,0.82
Kepler-1011 b,2.87,0.88
Kepler-1012 b,1.29,0.91
Kepler-1013 b,2.15,0.76
Kepler-1014 b,2.39,0.84
Kepler-1015 b,3.55,1.81
Kepler-1016 b,2.18,1
Kepler-1016 c,3.68,1
Kepler-1017 b,1.99,0.87
Kepler-1018 b,2.58,0.88
Kepler-1019 b,1.46,0.67
Kepler-102 b,0.46,0.72
Kepler-102 c,0.567,0.72
Kepler-102 d,1.154,0.72
Kepler-102 e,2.17,0.72
Kepler-102 f,0.861,0.72
Kepler-1020 b,2.28,0.8
Kepler-1021 b,2.33,0.86
Kepler-1022 b,2.36,0.68
Kepler-1023 b,2.63,0.89
Kepler-1024 b,3.91,0.78
Kepler-1025 b,1.98,1.13
Kepler-1026 b,2.21,0.75
Kepler-1027 b,0.89,0.82
Kepler-1028 b,1.33,0.87
Kepler-1029 b,1.26,0.77
Kepler-103 b,3.486,1.49
Kepler-103 c,5.45,1.49
Kepler-1030 b,2.48,0.76
Kepler-1031 b,0.87,1.12
Kepler-1032 b,1.87,0.71
Kepler-1033 b,2.51,0.92
Kepler-1034 b,2.26,0.8
Kepler-1035 b,1.17,0.97
Kepler-1036 b,3.01,0.89
Kepler-1037 b,1.28,0.78
Kepler-1038 b,3.53,0.83
Kepler-1038 c,1.416,0.82
Kepler-1039 b,1.46,0.74
Kepler-104 b,3.1,1.35
Kepler-104 c,3.13,1.35
Kepler-104 d,3.58,1.35
Kepler-1040 b,2.08,0.96
Kepler-1041 b,2.94,1.08
Kepler-1042 b,2.19,0.72
Kepler-1043 b,2.55,0.9
Kepler-1044 b,2.67,1.11
Kepler-1045 b,2.69,0.82
Kepler-1046 b,1.71,1.04
Kepler-1047 b,2.09,1.13
Kepler-1047 c,0.99,1.13
Kepler-1048 b,1.61,0.7
Kepler-1049 b,0.95,0.49
Kepler-105 b,4.81,1.58
Kepler-105 c,1.31,0.89
Kepler-1050 b,1.6,1.13
Kepler-1050 c,1.48,1.13
Kepler-1051 b,3.4,1.73
Kepler-1052 b,2.93,1.03
Kepler-1052 c,2.3,0.85
Kepler-1053 b,0.98,0.69
Kepler-1054 b,2.63,1.34
Kepler-1055 b,1.23,0.94
Kepler-1056 b,3.01,1.2
Kepler-1057 b,3.36,1.1
Kepler-1058 b,2.72,0.69
Kepler-1059 b,1.73,0.72
Kepler-106 b,0.82,1.04
Kepler-106 c,2.5,1.04
Kepler-106 d,0.95,1.04
Kepler-106 e,2.56,1.04
Kepler-1060 b,2.38,0.99
Kepler-1061 b,1.98,1.07
Kepler-1062 b,1.76,0.7
Kepler-1063 b,1.49,1.14
Kepler-1064 b,1.55,0.79
Kepler-1065 b,3.73,0.93
Kepler-1065 c,1.6,0.93
Kepler-1066 b,2.36,0.98
Kepler-1067 b,0.8,0.93
Kepler-1067 c,1.747,0.93
Kepler-1068 b,3.63,1.01
Kepler-1069 b,1.6,0.98
Kepler-107 b,1.536,1.45
Kepler-107 c,1.597,1.45
Kepler-107 d,0.86,1.45
Kepler-107 e,2.903,1.45
Kepler-1070 b,1.73,1.32
Kepler-1071 b,2.38,0.81
Kepler-1072 b,1.58,1.32
Kepler-1073 b,2.3,1
Kepler-1073 c,1.64,1
Kepler-1073 d,1.488,1.12
Kepler-1074 b,1.25,0.57
Kepler-1075 b,1.42,0.54
Kepler-1076 b,0.8,0.74
Kepler-1077 b,2.77,1.02
Kepler-1078 b,1.9,0.92
Kepler-1079 b,1.63,1.36
Kepler-108 b,8.65,2.19
Kepler-108 c,8.18,2.19
Kepler-1080 b,3.28,1.16
Kepler-1081 b,1.01,0.84
Kepler-1082 b,1.12,1.14
Kepler-1083 b,3.36,0.77
Kepler-1084 b,1.11,1.28
Kepler-1085 b,7.22,1.14
Kepler-1085 c,3.268,1.08
Kepler-1086 b,2.44,0.66
Kepler-1086 c,2.94,0.66
Kepler-1087 b,0.61,0.94
Kepler-1088 b,1.42,1.08
Kepler-1089 b,1.83,0.49
Kepler-109 b,2.49,1.39
Kepler-109 c,2.65,1.39
Kepler-1090 b,2.25,0.82
Kepler-1090 c,3.293,1.01
Kepler-1091 b,1.46,1.03
Kepler-1092 b,2.07,1
Kepler-1093 b,1.95,1.2
Kepler-1093 c,1.96,1.2
Kepler-1094 b,3.18,1.21
Kepler-1095 b,1.21,0.92
Kepler-1096 b,1.24,0.63
Kepler-1097 b,3.26,0.79
Kepler-1098 b,1.3,0.99
Kepler-1099 b,2.83,1
Kepler-11 b,1.8,1.06
Kepler-11 c,2.87,1.06
Kepler-11 d,3.12,1.06
Kepler-11 e,4.19,1.06
Kepler-11 f,2.49,1.06
Kepler-11 g,3.33,1.06
Kepler-110 b,1.83,1.15
Kepler-110 c,2.21,1.15
Kepler-1100 b,1.75,1.34
Kepler-1101 b,2.47,0.91
Kepler-1102 b,2.66,0.94
Kepler-1103 b,2.27,1.15
Kepler-1104 b,1.23,1.41
Kepler-1105 b,2.01,0.68
Kepler-1106 b,1.65,1.17
Kepler-1107 b,1.34,0.82
Kepler-1108 b,1.46,0.84
Kepler-1109 b,2.19,1.06
Kepler-111 b,1.58,1.16
Kepler-111 c,7.3,1.16
Kepler-1110 b,2.66,0.7
Kepler-1111 b,2,1.15
Kepler-1112 b,3.02,1.54
Kepler-1113 b,2.81,1.17
Kepler-1114 b,1.35,0.83
Kepler-1115 b,1.7,1.73
Kepler-1116 b,2.54,0.93
Kepler-1117 b,1.11,0.93
Kepler-1118 b,2.74,0.97
Kepler-1119 b,1.92,1.17
Kepler-112 b,2.36,0.84
Kepler-112 c,2.4,0.84
Kepler-1120 b,1.38,0.74
Kepler-1121 b,1.91,1.59
Kepler-1122 b,2.04,0.89
Kepler-1123 b,1.67,0.9
Kepler-1124 b,1.28,0.34
Kepler-1125 b,1.84,0.94
Kepler-1126 b,1.73,0.93
Kepler-1126 c,1.45,0.92
Kepler-1127 b,1.96,0.95
Kepler-1128 b,3.65,0.91
Kepler-1129 b,2.96,1
Kepler-1129 c,2.73,1
Kepler-113 b,1.82,0.69
Kepler-113 c,2.18,0.69
Kepler-1130 b,0.8,0.81
Kepler-1130 c,0.792,0.84
Kepler-1130 d,0.645,0.84
Kepler-1131 b,1.59,1.04
Kepler-1132 b,2.35,0.83
Kepler-1133 b,1.97,0.9
Kepler-1134 b,2.64,0.81
Kepler-1135 b,1.85,0.94
Kepler-1136 b,1.64,0.68
Kepler-1137 b,2.2,1.84
Kepler-1138 b,1.7,0.92
Kepler-1139 b,1.19,0.91
Kepler-114 b,1.26,0.67
Kepler-114 c,1.6,0.54
Kepler-114 d,2.53,0.54
Kepler-1140 b,2.77,0.73
Kepler-1141 b,0.82,1.07
Kepler-1142 b,1.47,0.96
Kepler-1143 b,1.67,0.77
Kepler-1143 c,3.6,0.77
Kepler-1144 b,1.99,0.96
Kepler-1145 b,1.4,0.75
Kepler-1146 b,1.23,0.7
Kepler-1147 b,2.61,1.14
Kepler-1148 b,1.69,0.77
Kepler-1149 b,1.44,1.01
Kepler-115 b,1.09,1.21
Kepler-115 c,2.6,1.21
Kepler-1150 b,1.02,0.72
Kepler-1151 b,2.22,0.85
Kepler-1152 b,0.87,0.53
Kepler-1153 b,1.73,0.88
Kepler-1154 b,2.34,1.43
Kepler-1154 c,2.36,1.43
Kepler-1155 b,2.03,1.03
Kepler-1156 b,1.32,1
Kepler-1157 b,1.09,0.71
Kepler-1158 b,2.34,1.95
Kepler-1159 b,2.37,1.28
Kepler-116 b,3.42,1.45
Kepler-116 c,2.3,1.45
Kepler-1160 b,2.14,0.89
Kepler-1161 b,2.13,0.57
Kepler-1162 b,2.21,0.84
Kepler-1162 c,1.81,0.86
Kepler-1163 b,1.03,1.35
Kepler-1164 b,1.12,0.79
Kepler-1165 b,1.55,1.18
Kepler-1165 c,3.361,1.08
Kepler-1166 b,1.69,0.86
Kepler-1167 b,1.71,0.75
Kepler-1168 b,2.5,0.82
Kepler-1169 b,0.94,1.23
Kepler-117 b,8.059,1.61
Kepler-117 c,12.341,1.61
Kepler-1170 b,2.41,0.76
Kepler-1171 b,2.56,1.95
Kepler-1172 b,3.2,0.89
Kepler-1173 b,0.89,0.82
Kepler-1174 b,1.59,1.04
Kepler-1175 b,2.99,0.86
Kepler-1176 b,2.45,1.02
Kepler-1177 b,1.9,0.97
Kepler-1178 b,1.07,0.75
Kepler-1179 b,1.32,0.81
Kepler-118 b,1.96,1.09
Kepler-118 c,7.68,1.09
Kepler-1180 b,1.99,1.14
Kepler-1181 b,1.57,1.3
Kepler-1181 c,1.83,1.35
Kepler-1182 b,2.41,1.05
Kepler-1183 b,2.82,0.99
Kepler-1184 b,2.68,1.07
Kepler-1185 b,1.33,0.87
Kepler-1186 b,2.23,0.93
Kepler-1187 b,2.61,1.09
Kepler-1188 b,2.08,1.06
Kepler-1189 b,1.77,1.16
Kepler-119 b,3.6,0.84
Kepler-119 c,0.92,0.84
Kepler-1190 b,1.33,0.72
Kepler-1191 b,1.51,0.81
Kepler-1192 b,2.36,0.83
Kepler-1193 b,1.32,1.21
Kepler-1194 b,1.51,0.92
Kepler-1195 b,2.08,0.71
Kepler-1196 b,2.23,0.97
Kepler-1197 b,1.25,0.72
Kepler-1198 b,1.47,0.9
Kepler-1199 b,1.15,1.17
Kepler-12 b,19.661,1.48
Kepler-120 b,2.15,0.53
Kepler-120 c,1.53,0.53
Kepler-1200 b,1.06,0.7
Kepler-1201 b,2.29,1.24
Kepler-1202 b,2.94,1.04
Kepler-1203 b,1.06,0.61
Kepler-1204 b,3.05,1.03
Kepler-1205 b,1.41,0.81
Kepler-1206 b,1.64,0.75
Kepler-1207 b,1.62,1.06
Kepler-1208 b,2.32,0.76
Kepler-1209 b,1.51,1.38
Kepler-121 b,2.34,0.7
Kepler-121 c,2.27,0.7
Kepler-1210 b,1.7,0.92
Kepler-1211 b,2.55,0.94
Kepler-1212 b,2.14,1.15
Kepler-1213 b,1.19,1.21
Kepler-1214 b,2.36,0.8
Kepler-1215 b,1.22,0.93
Kepler-1216 b,1.39,0.98
Kepler-1217 b,1.99,1.08
Kepler-1218 b,1.44,1.1
Kepler-1219 b,2.12,1.94
Kepler-122 b,2.34,1.22
Kepler-122 c,5.87,1.22
Kepler-122 d,2.2,1.22
Kepler-122 e,2.6,1.22
Kepler-122 f,1.75,0.95
Kepler-1220 b,1.52,0.99
Kepler-1221 b,1.88,0.82
Kepler-1222 b,0.79,0.8
Kepler-1223 b,1.22,0.75
Kepler-1224 b,1.33,1.22
Kepler-1225 b,1.82,1.19
Kepler-1226 b,1.45,1.02
Kepler-1227 b,2.29,0.95
Kepler-1228 b,1.54,0.74
Kepler-1229 b,1.4,0.51
Kepler-123 b,2.94,1.26
Kepler-123 c,1.48,1.26
Kepler-1230 b,2.71,1.08
Kepler-1231 b,1.42,1
Kepler-1232 b,1.93,0.89
Kepler-1233 b,2.6,1.25
Kepler-1234 b,2.81,0.76
Kepler-1235 b,0.79,0.9
Kepler-1236 b,2.14,0.82
Kepler-1237 b,2.86,0.9
Kepler-1238 b,1.93,1.48
Kepler-1239 b,2.9,1.57
Kepler-124 b,0.73,0.64
Kepler-124 c,1.75,0.64
Kepler-124 d,1.11,0.64
Kepler-1240 b,1.15,0.96
Kepler-1241 b,2.63,0.8
Kepler-1242 b,2.26,0.74
Kepler-1243 b,1.75,0.94
Kepler-1244 b,1.35,1.77
Kepler-1245 b,1.44,0.83
Kepler-1245 c,1.44,0.83
Kepler-1246 b,1.36,0.69
Kepler-1247 b,2.33,0.82
Kepler-1248 b,1.18,1.21
Kepler-1249 b,2.38,1.28
Kepler-125 b,2.37,0.51
Kepler-125 c,0.74,0.51
Kepler-1250 b,1.92,0.98
Kepler-1251 b,1.84,0.89
Kepler-1252 b,1.67,1.09
Kepler-1253 b,1.33,1.1
Kepler-1254 b,1.55,0.75
Kepler-1254 c,1.3,0.75
Kepler-1254 d,1.31,0.75
Kepler-1255 b,2.32,1.12
Kepler-1256 b,1.49,1.36
Kepler-1257 b,1.52,0.87
Kepler-1258 b,0.86,0.99
Kepler-1259 b,1.43,0.77
Kepler-126 b,1.52,1.36
Kepler-126 c,1.58,1.36
Kepler-126 d,2.5,1.36
Kepler-1260 b,1.77,1.08
Kepler-1261 b,2.26,0.77
Kepler-1262 b,1.82,0.98
Kepler-1263 b,1.14,0.8
Kepler-1264 b,1.18,0.98
Kepler-1265 b,1.35,0.69
Kepler-1266 b,2.58,0.76
Kepler-1266 c,1.68,0.83
Kepler-1267 b,3.01,1.2
Kepler-1268 b,2.03,1.09
Kepler-1269 b,1.63,1.15
Kepler-127 b,1.4,1.36
Kepler-127 c,2.66,1.36
Kepler-127 d,2.64,1.36
Kepler-1270 b,3.32,3.38
Kepler-1271 b,1.48,1.23
Kepler-1272 b,2.37,1.09
Kepler-1273 b,2.49,0.91
Kepler-1274 b,1.42,2.17
Kepler-1275 b,1.48,1.36
Kepler-1276 b,1.19,1.21
Kepler-1277 b,1.6,0.92
Kepler-1278 b,1.01,1.16
Kepler-1279 b,1.75,1.33
Kepler-128 b,1.43,1.61
Kepler-128 c,1.34,1.61
Kepler-1280 b,1.87,1.32
Kepler-1281 b,1.64,0.83
Kepler-1282 b,1.55,0.89
Kepler-1283 b,1.91,1.25
Kepler-1284 b,1.21,0.79
Kepler-1285 b,0.97,1.28
Kepler-1286 b,2.15,0.98
Kepler-1287 b,1.54,0.94
Kepler-1288 b,1.12,1.29
Kepler-1289 b,1.52,1.17
Kepler-129 b,2.4,1.65
Kepler-129 c,2.52,1.65
Kepler-1290 b,1.42,0.93
Kepler-1291 b,1.66,0.8
Kepler-1292 b,1.82,0.93
Kepler-1293 b,0.97,1.28
Kepler-1294 b,3.19,0.97
Kepler-1295 b,1.55,0.89
Kepler-1296 b,0.91,0.83
Kepler-1297 b,0.97,0.99
Kepler-1298 b,1.31,2
Kepler-1299 b,2.98,0.91
Kepler-130 b,1.02,1.13
Kepler-130 c,2.9,1.17
Kepler-130 d,1.64,1.13
Kepler-1300 b,1.37,1.79
Kepler-1301 b,1.4,0.81
Kepler-1302 b,1.43,0.82
Kepler-1303 b,1.42,1
Kepler-1304 b,2.29,0.81
Kepler-1305 b,1.88,0.96
Kepler-1306 b,1.91,0.97
Kepler-1307 b,2.47,1.08
Kepler-1308 b,0.52,0.34
Kepler-1309 b,2.37,0.8
Kepler-131 b,2.41,1.03
Kepler-131 c,0.84,1.03
Kepler-1310 b,1.44,0.88
Kepler-1311 b,1.24,1.4
Kepler-1311 c,1.22,1.4
Kepler-1311 d,9.658,1.67
Kepler-1312 b,2.1,0.92
Kepler-1312 c,1.027,0.91
Kepler-1313 b,1.76,0.85
Kepler-1314 b,5.11,0.59
Kepler-1315 b,1.38,0.75
Kepler-1315 c,1.844,0.86
Kepler-1316 b,3.54,1.12
Kepler-1317 b,1.56,0.79
Kepler-1318 b,3.11,0.7
Kepler-1319 b,1.34,0.54
Kepler-132 b,1.21,1.18
Kepler-132 c,1.28,1.18
Kepler-132 d,1.55,1.18
Kepler-132 e,1.18,1.1
Kepler-1320 b,1.7,0.74
Kepler-1321 b,4.92,0.53
Kepler-1321 c,2.4,0.53
Kepler-1321 d,2.628,0.5
Kepler-1322 b,1.61,0.87
Kepler-1322 c,2.155,0.8
Kepler-1323 b,1.52,1.4
Kepler-1324 b,1.51,0.73
Kepler-1325 b,2.86,0.91
Kepler-1326 b,4.18,1.74
Kepler-1327 b,1.8,1.03
Kepler-1328 b,0.98,0.99
Kepler-1329 b,2.17,0.69
Kepler-133 b,1.76,1.43
Kepler-133 c,2.84,1.43
Kepler-1330 b,1.65,0.94
Kepler-1331 b,1.05,0.69
Kepler-1332 b,1.37,0.9
Kepler-1333 b,2.81,0.92
Kepler-1334 b,2.29,0.91
Kepler-1335 b,1.45,0.74
Kepler-1336 b,1.98,1.3
Kepler-1336 c,1.71,1.3
Kepler-1337 b,2.41,0.67
Kepler-1338 b,0.92,1.05
Kepler-1339 b,0.71,0.93
Kepler-134 b,2,1.18
Kepler-134 c,1.26,1.18
Kepler-1340 b,1.55,1.42
Kepler-1341 b,2.99,0.72
Kepler-1342 b,1.66,0.9
Kepler-1343 b,1.93,0.93
Kepler-1344 b,1.84,1.13
Kepler-1345 b,2.36,1.55
Kepler-1346 b,1.58,1.21
Kepler-1347 b,1.03,0.79
Kepler-1348 b,1.94,1.04
Kepler-1349 b,0.7,1.28
Kepler-135 b,1.81,1.27
Kepler-135 c,1.16,1.27
Kepler-1350 b,2.52,0.53
Kepler-1350 c,1.73,0.53
Kepler-1351 b,0.65,0.67
Kepler-1352 b,0.89,1.16
Kepler-1353 b,1.8,0.72
Kepler-1354 b,2.97,1.24
Kepler-1355 b,1.46,0.83
Kepler-1356 b,1.53,0.78
Kepler-1357 b,1.28,0.9
Kepler-1358 b,1.12,0.79
Kepler-1359 b,2.83,0.72
Kepler-136 b,2.05,1.35
Kepler-136 c,1.99,1.35
Kepler-1360 b,3.4,1.83
Kepler-1361 b,0.86,0.79
Kepler-1362 b,2.6,0.74
Kepler-1363 b,1.25,0.72
Kepler-1364 b,2.15,1.79
Kepler-1365 b,0.92,1.05
Kepler-1365 c,0.8,1.05
Kepler-1366 b,1.43,0.6
Kepler-1367 b,0.92,0.6
Kepler-1368 b,1.65,1.08
Kepler-1369 b,2.69,0.99
Kepler-137 b,1.47,0.8
Kepler-137 c,1.88,0.8
Kepler-1370 b,1.84,1.29
Kepler-1370 c,1.27,1.29
Kepler-1371 b,0.73,0.83
Kepler-1371 c,0.64,0.83
Kepler-1372 b,1.27,0.97
Kepler-1373 b,1.16,1.33
Kepler-1374 b,2.29,0.81
Kepler-1375 b,1.74,1.78
Kepler-1376 b,1.05,0.97
Kepler-1377 b,1.25,0.82
Kepler-1378 b,2.2,0.67
Kepler-1379 b,1.3,0.79
Kepler-138 b,0.64,0.54
Kepler-138 c,1.51,0.54
Kepler-138 d,1.51,0.54
Kepler-138 e,0.797,0.54
Kepler-1380 b,1.43,0.94
Kepler-1381 b,2.25,0.94
Kepler-1382 b,1.88,1.72
Kepler-1383 b,1.41,1.44
Kepler-1384 b,1.94,0.74
Kepler-1385 b,0.85,1.29
Kepler-1386 b,1.24,1.03
Kepler-1387 b,0.93,0.77
Kepler-1388 b,2.59,0.61
Kepler-1388 c,2.26,0.61
Kepler-1388 d,2.86,0.61
Kepler-1388 e,2.46,0.61
Kepler-1389 b,1.77,0.74
Kepler-139 b,2.94,1.3
Kepler-139 c,3.38,1.3
Kepler-1390 b,1.18,0.98
Kepler-1391 b,1.68,1.1
Kepler-1392 b,1.96,0.85
Kepler-1393 b,0.8,0.92
Kepler-1394 b,1.39,2.55
Kepler-1395 b,0.8,1.23
Kepler-1396 b,2.07,1.27
Kepler-1397 b,1.72,1.12
Kepler-1398 b,0.9,1.18
Kepler-1398 c,1.03,1.18
Kepler-1399 b,1.25,0.96
Kepler-14 b,12.733,2.05
Kepler-140 b,1.61,1.29
Kepler-140 c,1.8,1.29
Kepler-1400 b,1.62,0.78
Kepler-1401 b,1.68,1.1
Kepler-1402 b,0.76,0.87
Kepler-1403 b,2.14,1.15
Kepler-1404 b,2.01,0.8
Kepler-1405 b,3.96,1.07
Kepler-1406 b,1.1,1.12
Kepler-1407 b,2.25,1.15
Kepler-1408 b,0.89,1.35
Kepler-1409 b,1.04,0.79
Kepler-141 b,0.69,0.79
Kepler-141 c,1.41,0.79
Kepler-1410 b,1.78,0.6
Kepler-1411 b,2.82,0.92
Kepler-1412 b,0.83,1.27
Kepler-1413 b,1.82,0.8
Kepler-1414 b,1.23,0.75
Kepler-1415 b,1.29,0.84
Kepler-1416 b,0.88,1.15
Kepler-1417 b,1,1.02
Kepler-1418 b,1.66,0.72
Kepler-1419 b,2.86,1.01
Kepler-142 b,1.99,1.27
Kepler-142 c,2.86,1.27
Kepler-142 d,2.16,1.27
Kepler-1420 b,1.28,0.79
Kepler-1421 b,0.93,1.42
Kepler-1422 b,2.02,1.23
Kepler-1423 b,1.06,0.75
Kepler-1424 b,1.16,1.07
Kepler-1425 b,0.94,0.95
Kepler-1426 b,1.56,1.02
Kepler-1427 b,1.1,1.01
Kepler-1428 b,1.64,1.36
Kepler-1429 b,1.29,1.07
Kepler-143 b,2.41,1.36
Kepler-143 c,3.37,1.36
Kepler-1430 b,1.18,0.72
Kepler-1431 b,1.47,1.03
Kepler-1432 b,2.22,1.13
Kepler-1433 b,1.56,1.19
Kepler-1434 b,1.11,2.04
Kepler-1435 b,0.86,1.32
Kepler-1436 b,1.31,1.09
Kepler-1437 b,1.37,0.9
Kepler-1438 b,0.94,0.96
Kepler-1439 b,1.46,0.43
Kepler-144 b,1.33,1.24
Kepler-144 c,1.35,1.24
Kepler-1440 b,1.26,0.96
Kepler-1441 b,1.31,1
Kepler-1442 b,3.93,1.44
Kepler-1443 b,0.97,1.27
Kepler-1444 b,2.18,1.05
Kepler-1445 b,0.96,1.26
Kepler-1446 b,0.82,0.75
Kepler-1447 b,2.9,0.95
Kepler-1448 b,1.61,0.93
Kepler-1449 b,1.68,1.1
Kepler-145 b,2.65,1.85
Kepler-145 c,4.32,1.85
Kepler-1450 b,1.71,0.68
Kepler-1451 b,3.35,0.99
Kepler-1452 b,2.7,2.06
Kepler-1453 b,2.67,0.94
Kepler-1454 b,1.88,0.86
Kepler-1455 b,2.16,0.6
Kepler-1456 b,1.14,0.62
Kepler-1457 b,1.99,1.01
Kepler-1458 b,2.76,0.94
Kepler-1459 b,1.36,0.74
Kepler-146 b,3.71,1.21
Kepler-146 c,3.13,1.21
Kepler-1460 b,1.96,0.67
Kepler-1461 b,2.03,0.74
Kepler-1462 b,3.82,1
Kepler-1463 b,1.86,0.95
Kepler-1464 b,1.66,1.01
Kepler-1464 c,1,1.01
Kepler-1465 b,1.77,0.71
Kepler-1466 b,1.55,1.02
Kepler-1467 b,3.3,0.82
Kepler-1468 b,1.73,1.05
Kepler-1468 c,1.15,1.05
Kepler-1468 d,3.332,1.5
Kepler-1469 b,2.8,0.89
Kepler-147 b,1.53,1.47
Kepler-147 c,2.43,1.47
Kepler-1470 b,1.07,0.76
Kepler-1471 b,1.41,0.93
Kepler-1471 c,1.88,1.17
Kepler-1472 b,1.9,1.25
Kepler-1473 b,1.19,1.09
Kepler-1474 b,2.16,1.04
Kepler-1475 b,2.92,1.28
Kepler-1476 b,1.67,0.96
Kepler-1477 b,1.18,0.78
Kepler-1478 b,1.73,1.06
Kepler-1479 b,1.83,0.98
Kepler-148 b,1.8,0.85
Kepler-148 c,3.6,0.85
Kepler-148 d,8.68,0.81
Kepler-1480 b,1.67,0.81
Kepler-1481 b,1.23,0.75
Kepler-1482 b,1.01,0.84
Kepler-1483 b,1.52,1.4
Kepler-1484 b,2.11,0.92
Kepler-1485 b,1.47,1.12
Kepler-1486 b,2.32,1.12
Kepler-1487 b,2.13,1.63
Kepler-1487 c,7.97,3.96
Kepler-1488 b,1.86,1.31
Kepler-1488 c,1.652,1.52
Kepler-1489 b,1.77,0.9
Kepler-149 b,4.21,0.95
Kepler-149 c,1.61,0.95
Kepler-149 d,3.96,0.95
Kepler-1490 b,3.04,0.87
Kepler-1491 b,1.51,0.99
Kepler-1491 c,2.44,1.39
Kepler-1492 b,1.49,0.72
Kepler-1493 b,1.41,1.29
Kepler-1494 b,3.07,0.94
Kepler-1495 b,2.94,1.04
Kepler-1496 b,2.22,1.27
Kepler-1497 b,1.66,0.95
Kepler-1498 b,1.33,0.81
Kepler-1499 b,1.19,0.78
Kepler-15 b,10.76,0.99
Kepler-150 b,1.25,0.94
Kepler-150 c,3.69,0.94
Kepler-150 d,2.79,0.94
Kepler-150 e,3.12,0.94
Kepler-150 f,3.64,0.91
Kepler-1500 b,1.2,1
Kepler-1501 b,1.56,1.3
Kepler-1502 b,3.18,1.72
Kepler-1503 b,2.27,0.74
Kepler-1504 b,2.13,0.81
Kepler-1505 b,0.93,0.86
Kepler-1506 b,1.32,0.93
Kepler-1507 b,0.84,0.85
Kepler-1508 b,1.33,1.22
Kepler-1509 b,1.85,0.99
Kepler-151 b,3.06,0.83
Kepler-151 c,2.09,0.83
Kepler-1510 b,3.36,1.28
Kepler-1511 b,1.68,1.29
Kepler-1512 b,1.18,0.67
Kepler-1513 b,8.46,0.97
Kepler-1514 b,12.42,1.29
Kepler-1514 c,1.176,1.29
Kepler-1515 b,9.55,1.41
Kepler-1516 b,1.75,1.07
Kepler-1517 b,9.76,1.95
Kepler-1518 b,3.05,1.88
Kepler-1518 c,2.9,1.34
Kepler-1519 b,7.06,0.91
Kepler-152 b,2.79,0.72
Kepler-152 c,2.39,0.72
Kepler-1520 b,5.77,0.71
Kepler-1521 b,2.5,0.76
Kepler-1522 b,1.73,0.93
Kepler-1523 b,1.58,0.96
Kepler-1524 b,3.54,1.25
Kepler-1525 b,0.91,1.04
Kepler-1526 b,2.43,0.69
Kepler-1527 b,4.77,1.32
Kepler-1528 b,1.46,1.03
Kepler-1529 b,2.1,0.77
Kepler-153 b,2.92,0.89
Kepler-153 c,2.53,0.89
Kepler-1530 b,1.64,0.88
Kepler-1530 c,1.65,0.88
Kepler-1530 d,3.279,1.3
Kepler-1531 b,1.11,1.27
Kepler-1532 b,1.35,0.88
Kepler-1533 b,3.46,1.51
Kepler-1534 b,1.89,0.86
Kepler-1535 b,2.55,1.11
Kepler-1536 b,3.14,0.67
Kepler-1537 b,1.18,0.77
Kepler-1538 b,2.82,1.03
Kepler-1539 b,2.7,0.8
Kepler-154 b,2.26,1
Kepler-154 c,2.95,1
Kepler-154 d,3.84,0.98
Kepler-154 e,1.5,0.98
Kepler-154 f,1.5,0.98
Kepler-1540 b,2.49,0.69
Kepler-1541 b,1.16,0.81
Kepler-1542 b,0.76,0.99
Kepler-1542 c,0.65,0.99
Kepler-1542 d,0.87,0.99
Kepler-1542 e,0.76,0.99
Kepler-1543 b,2.71,1.65
Kepler-1544 b,1.78,0.74
Kepler-1545 b,2.7,0.8
Kepler-1546 b,3.13,0.93
Kepler-1547 b,0.9,1.18
Kepler-1548 b,2.64,0.97
Kepler-1549 b,2.57,0.84
Kepler-155 b,2.09,0.62
Kepler-155 c,2.24,0.62
Kepler-1550 b,3.02,1.11
Kepler-1551 b,2.66,1.22
Kepler-1552 b,2.47,0.78
Kepler-1553 b,1.15,0.81
Kepler-1554 b,2.9,0.81
Kepler-1555 b,1.61,1.06
Kepler-1556 b,1.96,0.95
Kepler-1557 b,1.53,1.17
Kepler-1558 b,0.68,0.79
Kepler-1559 b,0.72,0.82
Kepler-156 b,2.3,0.81
Kepler-156 c,2.55,0.81
Kepler-1560 b,0.89,1.02
Kepler-1561 b,1.09,1.11
Kepler-1562 b,3.55,1.05
Kepler-1563 b,0.75,0.99
Kepler-1564 b,1.47,0.9
Kepler-1565 b,1.19,0.73
Kepler-1566 b,0.79,0.81
Kepler-1567 b,2.73,0.93
Kepler-1568 b,1.3,1.19
Kepler-1569 b,1.68,1.4
Kepler-157 b,1.32,1.04
Kepler-157 c,2.24,1.04
Kepler-157 d,1.46,1.03
Kepler-1570 b,1.07,0.89
Kepler-1571 b,1.52,1.39
Kepler-1572 b,0.94,0.95
Kepler-1573 b,1.2,1
Kepler-1574 b,1.29,1.08
Kepler-1575 b,1.31,0.92
Kepler-1576 b,1.04,1.06
Kepler-1577 b,1.13,0.74
Kepler-1578 b,1.04,0.86
Kepler-1579 b,0.84,0.7
Kepler-158 b,2.12,0.62
Kepler-158 c,1.9,0.62
Kepler-1580 b,2.11,2.15
Kepler-1581 b,0.8,1.23
Kepler-1582 b,1.49,0.3
Kepler-1583 b,0.6,0.91
Kepler-1584 b,1.61,1.13
Kepler-1585 b,1.79,0.91
Kepler-1586 b,1.52,1.75
Kepler-1587 b,1.33,1.22
Kepler-1588 b,0.76,0.99
Kepler-1589 b,1.09,1.25
Kepler-159 b,2.38,0.66
Kepler-159 c,3.41,0.66
Kepler-1590 b,1.14,1.16
Kepler-1591 b,1.27,1.16
Kepler-1592 b,1.54,1.28
Kepler-1593 b,3.17,0.77
Kepler-1594 b,1.06,1.08
Kepler-1595 b,1.23,0.8
Kepler-1596 b,1.9,0.92
Kepler-1597 b,1.06,1.39
Kepler-1598 b,0.95,1.09
Kepler-1599 b,1.62,0.99
Kepler-16 b,8.449,0.65
Kepler-160 b,1.715,1.12
Kepler-160 c,3.76,1.12
Kepler-1600 b,3.13,0.82
Kepler-1600 c,1.942,0.83
Kepler-1601 b,0.82,1.07
Kepler-1602 b,1.34,1.36
Kepler-1603 b,1.29,1.31
Kepler-1604 b,1.41,0.76
Kepler-1605 b,1.08,0.82
Kepler-1606 b,2.07,0.86
Kepler-1607 b,0.92,1.21
Kepler-1608 b,1.73,0.72
Kepler-1609 b,2.22,1.27
Kepler-161 b,2.12,0.81
Kepler-161 c,2.05,0.81
Kepler-1610 b,1.61,0.87
Kepler-1610 c,2.09,0.8
Kepler-1611 b,0.81,0.93
Kepler-1612 b,1.03,0.94
Kepler-1613 b,2.08,1.12
Kepler-1614 b,1.49,0.76
Kepler-1615 b,2.06,1.05
Kepler-1616 b,1.02,1.34
Kepler-1617 b,1.2,1.22
Kepler-1618 b,1.26,1.65
Kepler-1619 b,0.76,1
Kepler-162 b,1.26,0.96
Kepler-162 c,3.03,0.96
Kepler-1620 b,1.61,1.23
Kepler-1621 b,2.16,1.24
Kepler-1622 b,1.47,1.5
Kepler-1623 b,1.31,1
Kepler-1624 b,5.7,0.47
Kepler-1625 b,6.06,0.94
Kepler-1626 b,2.02,1.85
Kepler-1627 b,3.69,0.84
Kepler-1628 b,6.43,0.52
Kepler-1629 b,0.77,1.01
Kepler-163 b,1.05,0.92
Kepler-163 c,2.26,0.92
Kepler-1630 b,2.19,0.63
Kepler-1631 b,1.35,0.95
Kepler-1632 b,2.47,1.19
Kepler-1633 b,1.58,1.32
Kepler-1634 b,3.19,0.89
Kepler-1635 b,3.64,0.85
Kepler-1636 b,3.23,1.02
Kepler-1637 b,0.89,1.02
Kepler-1638 b,1.87,0.95
Kepler-1639 b,2.58,1.18
Kepler-164 b,1.41,1.15
Kepler-164 c,2.73,1.15
Kepler-164 d,2.45,1.15
Kepler-164 e,4.24,1.1
Kepler-1640 b,4.82,1.43
Kepler-1641 b,3.11,1.19
Kepler-1641 c,2.95,1.19
Kepler-1642 b,3.2,0.84
Kepler-1642 c,2.66,0.84
Kepler-1643 b,2.32,0.86
Kepler-1644 b,1.88,0.86
Kepler-1645 b,1.78,1.02
Kepler-1646 b,1.23,0.26
Kepler-1647 b,11.874,1.79
Kepler-1649 b,1.017,0.23
Kepler-1649 c,1.06,0.23
Kepler-165 b,2.32,0.77
Kepler-165 c,2.23,0.77
Kepler-1650 b,0.96,0.33
Kepler-1651 b,1.84,0.5
Kepler-1652 b,1.6,0.38
Kepler-1653 b,2.17,0.69
Kepler-1654 b,9.18,1.18
Kepler-1655 b,2.213,1.03
Kepler-1656 b,4.52,1.1
Kepler-1658 b,11.994,2.89
Kepler-166 b,2.27,0.74
Kepler-166 c,2.38,0.74
Kepler-166 d,1.73,0.83
Kepler-1661 b,3.87,0.76
Kepler-1663 b,3.304,0.63
Kepler-1664 b,3.033,1.07
Kepler-1665 b,2.839,0.78
Kepler-1666 b,2.883,1.15
Kepler-1666 c,3.236,1.15
Kepler-1667 b,2.984,1.09
Kepler-1668 b,4.348,1.02
Kepler-1669 b,2.78,0.71
Kepler-1669 c,1.901,0.6
Kepler-1669 d,1.22,0.6
Kepler-167 b,1.718,0.75
Kepler-167 c,1.674,0.75
Kepler-167 d,1.238,0.75
Kepler-167 e,10.16,0.75
Kepler-1670 b,3.356,1.52
Kepler-1671 b,1.326,0.93
Kepler-1672 b,2.97,1.09
Kepler-1673 b,2.936,1.13
Kepler-1674 b,3.206,0.88
Kepler-1675 b,3.125,1.13
Kepler-1676 b,3.377,1.06
Kepler-1677 b,2.702,1.25
Kepler-1678 b,3.304,0.83
Kepler-1679 b,2.069,0.87
Kepler-168 b,1.46,1.11
Kepler-168 c,2.69,1.11
Kepler-1680 b,1.36,0.72
Kepler-1681 b,2.553,0.76
Kepler-1682 b,2.889,0.84
Kepler-1683 b,1.875,0.9
Kepler-1684 b,2.871,0.67
Kepler-1685 b,2.577,0.84
Kepler-1686 b,1.426,1.2
Kepler-1687 b,1.656,0.73
Kepler-1688 b,1.262,0.75
Kepler-1689 b,0.947,1
Kepler-169 b,1.13,0.76
Kepler-169 c,1.21,0.76
Kepler-169 d,1.25,0.76
Kepler-169 e,2.2,0.76
Kepler-169 f,2.58,0.76
Kepler-1690 b,2.811,0.86
Kepler-1691 b,1.835,1.13
Kepler-1692 b,1.112,0.87
Kepler-1693 b,1.289,0.88
Kepler-1693 c,0.977,1.1
Kepler-1694 b,1.18,0.76
Kepler-1695 b,1.119,0.99
Kepler-1696 b,2.81,1.2
Kepler-1697 b,1.26,0.77
Kepler-1698 b,1.073,0.74
Kepler-1699 b,1.567,0.73
Kepler-17 b,14.68,1.01
Kepler-170 b,3.2,1.03
Kepler-170 c,2.86,1.03
Kepler-1700 b,2.901,1.09
Kepler-1701 b,2.222,0.84
Kepler-1702 b,1.602,0.73
Kepler-1704 b,11.949,1.7
Kepler-1705 b,2.03,1.26
Kepler-1705 c,2.05,1.26
Kepler-1708 b,9.96,1.12
Kepler-1709 b,3.124,1.04
Kepler-171 b,2.34,0.84
Kepler-171 c,2.56,0.84
Kepler-171 d,1.89,0.84
Kepler-1710 b,3.197,0.9
Kepler-1711 b,1.923,1.03
Kepler-1712 b,2.284,0.51
Kepler-1713 b,1.717,1.46
Kepler-1714 b,3.264,2.09
Kepler-1715 b,4.14,1.21
Kepler-1716 b,2.425,0.68
Kepler-1717 b,2.989,1.64
Kepler-1718 b,2.569,0.91
Kepler-1719 b,3.95,1.78
Kepler-172 b,2.35,1.08
Kepler-172 c,2.86,1.08
Kepler-172 d,2.25,1.08
Kepler-172 e,2.76,1.08
Kepler-1720 b,3.216,0.84
Kepler-1721 b,3.119,0.8
Kepler-1722 b,2.867,0.79
Kepler-1723 b,2.88,1.01
Kepler-1724 b,2.837,0.94
Kepler-1725 b,2.813,1.08
Kepler-1726 b,2.509,0.8
Kepler-1727 b,3.173,0.82
Kepler-1728 b,2.955,0.81
Kepler-1729 b,3.894,0.52
Kepler-173 b,1.29,0.95
Kepler-173 c,2.43,0.95
Kepler-1730 b,4.485,1.14
Kepler-1731 b,2.933,0.72
Kepler-1732 b,4.099,1.49
Kepler-1733 b,3.636,1.25
Kepler-1734 b,3.089,0.97
Kepler-1735 b,1.194,0.51
Kepler-1736 b,3.877,0.97
Kepler-1737 b,5.395,0.88
Kepler-1738 b,2.825,1
Kepler-1739 b,2.431,0.76
Kepler-174 b,1.96,0.62
Kepler-174 c,1.49,0.62
Kepler-174 d,2.19,0.62
Kepler-1740 b,3.323,0.91
Kepler-1741 b,1.273,0.42
Kepler-1742 b,2.178,0.85
Kepler-1743 b,1.599,1.61
Kepler-1744 b,3.768,0.85
Kepler-1745 b,1.929,1.4
Kepler-1746 b,8.935,1.29
Kepler-1747 b,4.265,0.86
Kepler-1748 b,2.713,0.86
Kepler-1749 b,1.613,0.55
Kepler-175 b,2.56,1.01
Kepler-175 c,3.1,1.01
Kepler-1750 b,6.004,0.97
Kepler-1751 b,1.824,0.97
Kepler-1752 b,4.541,0.82
Kepler-1753 b,2.227,0.77
Kepler-1754 b,2.44,0.75
Kepler-1755 b,5.917,0.92
Kepler-1756 b,1.472,0.81
Kepler-1757 b,2.947,0.74
Kepler-1758 b,2.571,1.62
Kepler-1759 b,0.904,0.8
Kepler-176 b,1.43,0.89
Kepler-176 c,2.6,0.89
Kepler-176 d,2.51,0.89
Kepler-176 e,1.45,0.83
Kepler-1760 b,2.29,0.9
Kepler-1761 b,1.391,0.53
Kepler-1762 b,2.76,1.24
Kepler-1763 b,1.147,1.26
Kepler-1764 b,4.555,1.13
Kepler-1765 b,2.495,1.06
Kepler-1766 b,2.279,1.04
Kepler-1767 b,3.013,0.83
Kepler-1768 b,2.233,1.57
Kepler-1769 b,4.465,1.3
Kepler-177 b,3.5,1.32
Kepler-177 c,8.73,1.32
Kepler-1770 b,2.841,1.01
Kepler-1771 b,4.055,0.93
Kepler-1772 b,2.686,0.93
Kepler-1773 b,3.505,1.3
Kepler-1774 b,3.182,1.12
Kepler-1775 b,3.648,1.65
Kepler-1776 b,2.612,1.15
Kepler-1777 b,2.132,1.07
Kepler-1778 b,3.017,1.09
Kepler-1779 b,3.033,1.06
Kepler-178 b,2.9,1.07
Kepler-178 c,2.88,1.07
Kepler-178 d,3.95,1.07
Kepler-1780 b,3.606,0.87
Kepler-1781 b,2.381,0.96
Kepler-1782 b,2.229,0.73
Kepler-1783 b,1.319,1.78
Kepler-1784 b,2.799,0.97
Kepler-1785 b,2.704,1
Kepler-1786 b,3.163,1.4
Kepler-1787 b,2.319,0.93
Kepler-1788 b,2.379,0.7
Kepler-1789 b,2.831,0.89
Kepler-179 b,1.64,0.76
Kepler-179 c,2,0.76
Kepler-1790 b,3.145,1.37
Kepler-1791 b,3.121,1.18
Kepler-1792 b,2.52,1.01
Kepler-1793 b,3.79,0.76
Kepler-1794 b,1.794,0.82
Kepler-1795 b,1.663,0.69
Kepler-1796 b,2.75,0.95
Kepler-1797 b,3.058,1.01
Kepler-1798 b,2.309,0.59
Kepler-1799 b,4.128,0.92
Kepler-18 b,2,1.11
Kepler-18 c,5.49,1.11
Kepler-18 d,6.98,1.11
Kepler-180 b,1.5,1.06
Kepler-180 c,3.01,1.06
Kepler-1800 b,0.997,2.51
Kepler-1801 b,2.709,0.98
Kepler-1801 c,2.91,0.98
Kepler-1802 b,1.671,0.64
Kepler-1802 c,2.322,0.64
Kepler-1804 b,1.596,1.67
Kepler-1805 b,1.545,0.55
Kepler-1806 b,2.356,0.79
Kepler-1807 b,2.704,1.5
Kepler-1808 b,3.025,0.89
Kepler-1809 b,1.513,0.72
Kepler-181 b,1.27,0.75
Kepler-181 c,1.99,0.75
Kepler-1810 b,3.918,1.02
Kepler-1811 b,3.848,1.19
Kepler-1812 b,2.325,1.1
Kepler-1813 b,1.413,0.79
Kepler-1814 b,2.37,0.82
Kepler-1814 c,1.76,0.82
Kepler-1815 b,2.749,0.97
Kepler-1816 b,1.968,0.71
Kepler-1817 b,2.273,0.92
Kepler-1818 b,1.714,1.13
Kepler-1819 b,3.904,1.07
Kepler-182 b,2.58,1.15
Kepler-182 c,3.43,1.15
Kepler-1820 b,3.119,0.93
Kepler-1821 b,2.592,0.88
Kepler-1822 b,2.648,0.7
Kepler-1823 b,2.086,1.13
Kepler-1824 b,2.381,1.08
Kepler-1825 b,1.422,0.85
Kepler-1826 b,1.475,0.49
Kepler-1827 b,1.856,1.4
Kepler-1828 b,2.116,0.9
Kepler-1829 b,2.479,0.78
Kepler-183 b,2.06,0.96
Kepler-183 c,2.27,0.96
Kepler-1830 b,3.33,2.05
Kepler-1831 b,1.97,1.01
Kepler-1832 b,1.227,0.72
Kepler-1833 b,1.3,1.45
Kepler-1834 b,1.459,0.79
Kepler-1834 c,1.22,0.79
Kepler-1835 b,3.534,0.96
Kepler-1836 b,2.553,0.99
Kepler-1837 b,2.067,0.96
Kepler-1838 b,1.66,1.96
Kepler-1839 b,1.949,0.94
Kepler-184 b,2.36,0.87
Kepler-184 c,1.97,0.87
Kepler-184 d,2.49,0.87
Kepler-1840 b,2.778,0.8
Kepler-1841 b,1.489,0.9
Kepler-1842 b,2.354,1.13
Kepler-1843 b,2.709,1.78
Kepler-1844 b,3.036,0.85
Kepler-1845 b,2.438,0.7
Kepler-1846 b,1.764,0.73
Kepler-1847 b,2.745,0.96
Kepler-1848 b,1.409,0.74
Kepler-1849 b,2.387,0.73
Kepler-185 b,1.17,0.81
Kepler-185 c,2.02,0.81
Kepler-1850 b,0.729,0.6
Kepler-1851 b,3.9,0.88
Kepler-1852 b,1.886,0.83
Kepler-1853 b,1.519,0.79
Kepler-1854 b,2.587,0.76
Kepler-1855 b,1.216,0.36
Kepler-1856 b,1.734,0.82
Kepler-1857 b,1.961,1.01
Kepler-1858 b,2.422,0.82
Kepler-1859 b,1.583,1.24
Kepler-1859 c,1.66,1.24
Kepler-186 b,1.07,0.47
Kepler-186 c,1.25,0.47
Kepler-186 d,1.4,0.47
Kepler-186 e,1.27,0.47
Kepler-186 f,1.17,0.52
Kepler-1860 b,1.139,0.87
Kepler-1861 b,2.207,1.37
Kepler-1862 b,2.203,0.81
Kepler-1863 b,2.263,0.98
Kepler-1864 b,0.754,0.98
Kepler-1865 b,1.577,0.87
Kepler-1866 b,2.082,1.08
Kepler-1867 b,1.16,0.82
Kepler-1868 b,3.15,0.69
Kepler-1869 b,1.12,0.9
Kepler-1869 c,0.74,0.9
Kepler-187 b,1.41,1.29
Kepler-187 c,2.67,1.29
Kepler-1870 b,2.101,0.84
Kepler-1871 b,2.422,0.95
Kepler-1872 b,2.384,0.89
Kepler-1873 b,1.626,0.79
Kepler-1874 b,2.211,0.78
Kepler-1875 b,3.227,0.86
Kepler-1876 b,0.853,1.48
Kepler-1877 b,0.624,0.94
Kepler-1878 b,2.92,0.86
Kepler-1879 b,2.065,1.39
Kepler-188 b,1.68,1.14
Kepler-188 c,3.19,1.14
Kepler-1880 b,2.117,0.53
Kepler-1881 b,2.981,0.87
Kepler-1882 b,1.487,1.46
Kepler-1883 b,3.251,1.02
Kepler-1884 b,1.814,0.91
Kepler-1885 b,1.511,0.86
Kepler-1886 b,2.582,0.84
Kepler-1887 b,2.925,0.86
Kepler-1888 b,1.326,1.25
Kepler-1889 b,2.944,0.82
Kepler-189 b,1.21,0.75
Kepler-189 c,2.38,0.75
Kepler-1890 b,0.869,1.4
Kepler-1891 b,1.521,0.83
Kepler-1892 b,1.837,0.76
Kepler-1893 b,1.706,1.16
Kepler-1894 b,1.201,0.9
Kepler-1894 c,1.21,0.9
Kepler-1895 b,2.119,0.76
Kepler-1896 b,3.099,1
Kepler-1897 b,2.814,0.76
Kepler-1898 b,0.934,1.12
Kepler-1899 b,1.551,0.74
Kepler-19 b,2.209,0.86
Kepler-19 c,3.68,0.86
Kepler-190 b,1.56,0.8
Kepler-190 c,1.46,0.8
Kepler-1900 b,1.623,1.04
Kepler-1901 b,1.474,0.92
Kepler-1902 b,1.176,0.51
Kepler-1903 b,2.286,1
Kepler-1904 b,1.39,0.5
Kepler-1905 b,1.446,1.02
Kepler-1906 b,2.776,0.89
Kepler-1907 b,0.87,0.8
Kepler-1907 c,1.155,0.8
Kepler-1909 b,1.092,0.69
Kepler-191 b,1.34,0.79
Kepler-191 c,1.86,0.79
Kepler-191 d,2.28,0.8
Kepler-1910 b,1.184,0.64
Kepler-1911 b,1.011,0.97
Kepler-1912 b,1.357,0.96
Kepler-1913 b,1.519,1.08
Kepler-1914 b,2.943,0.96
Kepler-1915 b,3.218,1.06
Kepler-1916 b,2.618,1.09
Kepler-1917 b,1.89,0.79
Kepler-1918 b,2.298,0.92
Kepler-1919 b,2.624,0.82
Kepler-192 b,2.74,1.01
Kepler-192 c,2.79,1.01
Kepler-192 d,1.02,0.94
Kepler-1920 b,2.954,1.16
Kepler-1921 b,2.895,2
Kepler-1921 c,1.41,2
Kepler-1922 b,2.291,0.86
Kepler-1923 b,1.96,1.29
Kepler-1924 b,2.654,1.29
Kepler-1925 b,3.002,1.09
Kepler-1926 b,2.315,0.83
Kepler-1927 b,3.406,2.48
Kepler-1928 b,1.992,0.92
Kepler-1929 b,3.073,1.47
Kepler-193 b,2.39,1.15
Kepler-193 c,2.75,1.15
Kepler-1930 b,1.53,0.84
Kepler-1931 b,2.653,1.22
Kepler-1932 b,1.515,0.82
Kepler-1933 b,1.18,1.01
Kepler-1934 b,0.913,1.04
Kepler-1935 b,2.503,0.9
Kepler-1936 b,3.166,1.85
Kepler-1937 b,3.023,1.2
Kepler-1938 b,1.828,0.66
Kepler-1939 b,1.165,0.6
Kepler-194 b,1.51,1.02
Kepler-194 c,2.59,1.02
Kepler-194 d,2.4,1.02
Kepler-1940 b,1.547,0.72
Kepler-1941 b,2.65,1.14
Kepler-1942 b,2.117,0.8
Kepler-1943 b,1.549,0.97
Kepler-1944 b,2.76,0.97
Kepler-1945 b,1.289,0.8
Kepler-1946 b,2.488,0.87
Kepler-1947 b,1.01,1.69
Kepler-1948 b,1.033,0.56
Kepler-1949 b,2.22,1.45
Kepler-195 b,2.03,0.78
Kepler-195 c,1.55,0.78
Kepler-1950 b,1.527,0.85
Kepler-1951 b,2.321,1.31
Kepler-1952 b,1.239,1.31
Kepler-1953 b,1.286,0.71
Kepler-1954 b,1.802,0.85
Kepler-1955 b,1.167,1.29
Kepler-1956 b,1.089,0.68
Kepler-1957 b,0.944,0.77
Kepler-1958 b,2.051,0.86
Kepler-1959 b,1.143,0.81
Kepler-196 b,1.9,0.78
Kepler-196 c,2.24,0.78
Kepler-196 d,2.661,0.77
Kepler-1960 b,1.307,1.07
Kepler-1961 b,1.619,0.78
Kepler-1962 b,1.215,1.01
Kepler-1963 b,0.744,0.98
Kepler-1964 b,1.781,0.7
Kepler-1965 b,1.354,0.84
Kepler-1966 b,1.105,0.84
Kepler-1967 b,0.73,1.81
Kepler-1968 b,1.5,0.79
Kepler-1969 b,1.682,1.01
Kepler-197 b,1.02,1.12
Kepler-197 c,1.23,1.12
Kepler-197 d,1.22,1.12
Kepler-197 e,0.91,1.12
Kepler-1972 b,0.802,1.38
Kepler-1972 c,0.868,1.38
Kepler-1976 b,12.21,1.08
Kepler-1977 b,1.66,0.69
Kepler-1978 b,2.67,0.78
Kepler-1979 b,29.33,0.94
Kepler-198 b,2.82,0.94
Kepler-198 c,2.47,0.94
Kepler-198 d,1.53,0.93
Kepler-1980 b,2.21,0.99
Kepler-1981 b,9.23,3.01
Kepler-1982 b,0.77,1.12
Kepler-1983 b,2.33,0.87
Kepler-1984 b,6.81,0.42
Kepler-1985 b,2.27,0.97
Kepler-1986 b,1.89,0.73
Kepler-1987 b,1.23,0.71
Kepler-1987 c,1.33,0.71
Kepler-1987 d,2.66,0.71
Kepler-1987 e,1.92,0.71
Kepler-1988 b,1.53,1.79
Kepler-1989 b,4.62,1.06
Kepler-199 b,3.11,0.97
Kepler-199 c,3.25,0.97
Kepler-1990 b,3.27,1.07
Kepler-1990 c,0.98,1.07
Kepler-1991 b,1.47,1.05
Kepler-1991 c,2.57,1.05
Kepler-1992 b,0.91,0.84
Kepler-1993 b,4.15,3.06
Kepler-1994 b,0.51,0.96
Kepler-1995 b,4.28,0.93
Kepler-1996 b,2.26,0.68
Kepler-1996 c,2.81,0.68
Kepler-1997 b,2.28,1.05
Kepler-1998 b,0.6,0.92
Kepler-1999 b,3.29,0.63
Kepler-20 b,1.773,0.92
Kepler-20 c,2.894,0.92
Kepler-20 d,2.606,0.92
Kepler-20 e,0.821,0.92
Kepler-20 f,0.952,0.92
Kepler-200 b,2.13,0.94
Kepler-200 c,1.59,0.94
Kepler-2000 b,2.73,0.58
Kepler-2000 c,1.57,0.58
Kepler-2001 b,1.04,0.77
Kepler-2001 c,1.82,0.77
Kepler-201 b,2.46,1.23
Kepler-201 c,2.85,1.23
Kepler-202 b,1.63,0.67
Kepler-202 c,1.85,0.67
Kepler-203 b,2.57,1.11
Kepler-203 c,2.47,1.11
Kepler-203 d,1.44,1.11
Kepler-204 b,2.53,1.24
Kepler-204 c,1.79,1.24
Kepler-205 b,1.51,0.55
Kepler-205 c,1.64,0.55
Kepler-206 b,1.2,1.19
Kepler-206 c,1.77,1.19
Kepler-206 d,1.19,1.19
Kepler-207 b,1.57,1.59
Kepler-207 c,1.5,1.59
Kepler-207 d,3.31,1.59
Kepler-208 b,1.63,1.31
Kepler-208 c,1.39,1.31
Kepler-208 d,1.2,1.31
Kepler-208 e,1.48,1.31
Kepler-209 b,2.26,0.94
Kepler-209 c,3.1,0.94
Kepler-21 b,1.639,1.9
Kepler-210 b,2.94,0.65
Kepler-210 c,3.62,0.65
Kepler-211 b,1.26,0.82
Kepler-211 c,1.29,0.82
Kepler-212 b,1.09,1.46
Kepler-212 c,2.74,1.46
Kepler-213 b,1.62,1.2
Kepler-213 c,2.34,1.2
Kepler-214 b,2.61,1.35
Kepler-214 c,2.13,1.35
Kepler-215 b,1.62,1.03
Kepler-215 c,1.77,1.03
Kepler-215 d,2.39,1.03
Kepler-215 e,1.75,1.03
Kepler-216 b,2.35,1.26
Kepler-216 c,3.04,1.26
Kepler-217 b,2.23,1.8
Kepler-217 c,1.85,1.8
Kepler-217 d,1.32,1.76
Kepler-218 b,1.48,1.06
Kepler-218 c,3.14,1.06
Kepler-218 d,2.66,1.02
Kepler-219 b,2.95,1.49
Kepler-219 c,3.58,1.49
Kepler-219 d,2.81,1.49
Kepler-22 b,2.1,0.87
Kepler-220 b,0.81,0.67
Kepler-220 c,1.57,0.67
Kepler-220 d,0.98,0.67
Kepler-220 e,1.33,0.67
Kepler-221 b,1.71,0.82
Kepler-221 c,2.93,0.82
Kepler-221 d,2.73,0.82
Kepler-221 e,2.63,0.82
Kepler-222 b,3.16,0.87
Kepler-222 c,4.64,0.87
Kepler-222 d,3.69,0.87
Kepler-223 b,2.99,1.72
Kepler-223 c,3.44,1.72
Kepler-223 d,5.24,1.72
Kepler-223 e,4.6,1.72
Kepler-224 b,1.39,0.68
Kepler-224 c,3.12,0.68
Kepler-224 d,2.3,0.68
Kepler-224 e,1.97,0.68
Kepler-225 b,1.2,0.48
Kepler-225 c,1.84,0.48
Kepler-226 b,1.55,0.8
Kepler-226 c,2.27,0.8
Kepler-226 d,1.22,0.8
Kepler-227 b,3.11,1.09
Kepler-227 c,3.04,1.09
Kepler-228 b,1.53,1.01
Kepler-228 c,2.7,1.01
Kepler-228 d,4.04,1.01
Kepler-229 b,2.2,0.73
Kepler-229 c,4.92,0.73
Kepler-229 d,3.85,0.73
Kepler-23 b,1.9,1.52
Kepler-23 c,3.2,1.52
Kepler-23 d,2.2,1.55
Kepler-230 b,4.26,0.82
Kepler-230 c,2.04,0.82
Kepler-231 b,1.73,0.49
Kepler-231 c,1.93,0.49
Kepler-232 b,3.08,0.97
Kepler-232 c,3.83,0.97
Kepler-233 b,2.43,0.76
Kepler-233 c,2.71,0.76
Kepler-234 b,3.7,1.11
Kepler-234 c,3.51,1.11
Kepler-235 b,2.23,0.55
Kepler-235 c,1.28,0.55
Kepler-235 d,2.05,0.55
Kepler-235 e,2.22,0.55
Kepler-236 b,1.57,0.51
Kepler-236 c,2,0.51
Kepler-237 b,1.41,0.72
Kepler-237 c,2.08,0.72
Kepler-238 b,1.73,1.43
Kepler-238 c,2.39,1.43
Kepler-238 d,3.07,1.43
Kepler-238 e,5.6,0.96
Kepler-238 f,2,0.96
Kepler-239 b,2.33,0.76
Kepler-239 c,2.51,0.76
Kepler-24 b,2.4,1.07
Kepler-24 c,2.8,1.07
Kepler-24 d,1.67,1.29
Kepler-24 e,2.78,1.29
Kepler-240 b,1.37,0.74
Kepler-240 c,2.2,0.74
Kepler-241 b,2.33,0.67
Kepler-241 c,2.57,0.67
Kepler-242 b,2.61,0.85
Kepler-242 c,2,0.85
Kepler-243 b,2.45,0.84
Kepler-243 c,1.99,0.84
Kepler-244 b,2.76,0.8
Kepler-244 c,2.05,0.8
Kepler-244 d,2.31,0.8
Kepler-245 b,2.57,0.8
Kepler-245 c,2.18,0.8
Kepler-245 d,3.03,0.8
Kepler-245 e,1.75,0.8
Kepler-246 b,2.34,0.83
Kepler-246 c,1.5,0.83
Kepler-247 b,1.64,0.77
Kepler-247 c,4.09,0.77
Kepler-247 d,3.94,0.77
Kepler-248 b,3.02,0.83
Kepler-248 c,4.07,0.83
Kepler-249 b,1.09,0.48
Kepler-249 c,1.51,0.48
Kepler-249 d,1.57,0.48
Kepler-25 b,2.748,1.32
Kepler-25 c,5.217,1.32
Kepler-250 b,1.13,0.81
Kepler-250 c,2.28,0.81
Kepler-250 d,2.18,0.81
Kepler-251 b,1.33,0.89
Kepler-251 c,2.77,0.89
Kepler-251 d,2.77,0.89
Kepler-251 e,2.77,0.89
Kepler-252 b,1.23,0.55
Kepler-252 c,2.15,0.55
Kepler-253 b,1.63,0.79
Kepler-253 c,2.65,0.79
Kepler-253 d,3.17,0.79
Kepler-254 b,3.87,0.91
Kepler-254 c,2.15,0.91
Kepler-254 d,2.5,0.91
Kepler-255 b,1.55,0.93
Kepler-255 c,2.99,0.93
Kepler-255 d,1.32,0.86
Kepler-256 b,1.59,1.3
Kepler-256 c,2.15,1.3
Kepler-256 d,2.48,1.3
Kepler-256 e,2.35,1.3
Kepler-257 b,2.61,1.04
Kepler-257 c,5.41,1.04
Kepler-257 d,4.95,1.04
Kepler-258 b,4.06,0.92
Kepler-258 c,3.61,0.92
Kepler-259 b,2.8,0.9
Kepler-259 c,2.7,0.9
Kepler-26 b,2.78,0.51
Kepler-26 c,2.72,0.51
Kepler-26 d,1.07,0.57
Kepler-26 e,2.41,0.57
Kepler-260 b,2.01,0.86
Kepler-260 c,1.74,0.86
Kepler-261 b,2.18,0.79
Kepler-261 c,2,0.79
Kepler-262 b,1.36,0.88
Kepler-262 c,1.64,0.88
Kepler-263 b,2.67,0.79
Kepler-263 c,2.47,0.79
Kepler-264 b,3.33,1.55
Kepler-264 c,2.83,1.55
Kepler-265 b,1.86,1.1
Kepler-265 c,2.63,1.1
Kepler-265 d,2.49,1.1
Kepler-265 e,2.59,1.1
Kepler-266 b,2.48,1.03
Kepler-266 c,3.89,1.03
Kepler-267 b,1.98,0.56
Kepler-267 c,2.13,0.56
Kepler-267 d,2.27,0.56
Kepler-268 b,2.55,1.27
Kepler-268 c,3.38,1.27
Kepler-269 b,2.47,0.96
Kepler-269 c,1.69,0.96
Kepler-27 b,4,0.59
Kepler-27 c,4.9,0.59
Kepler-27 d,2.706,0.82
Kepler-270 b,2.01,1.46
Kepler-270 c,1.77,1.46
Kepler-271 b,1.23,0.87
Kepler-271 c,0.95,0.87
Kepler-271 d,0.66,0.87
Kepler-272 b,1.43,0.93
Kepler-272 c,1.79,0.93
Kepler-272 d,2.25,0.93
Kepler-273 b,1.5,0.81
Kepler-273 c,1.98,0.81
Kepler-274 b,1.54,1.01
Kepler-274 c,1.84,1.01
Kepler-275 b,2.34,1.38
Kepler-275 c,3.38,1.38
Kepler-275 d,3.33,1.38
Kepler-276 b,2.87,1.05
Kepler-276 c,2.9,1.03
Kepler-276 d,2.8,1.03
Kepler-277 b,2.92,1.69
Kepler-277 c,3.36,1.69
Kepler-278 b,4.07,2.94
Kepler-278 c,3.59,2.94
Kepler-279 b,3.62,1.75
Kepler-279 c,4.3,1.07
Kepler-279 d,3.1,1.07
Kepler-28 b,3.6,0.7
Kepler-28 c,3.4,0.7
Kepler-280 b,1.45,0.89
Kepler-280 c,2.01,0.89
Kepler-281 b,2.82,0.9
Kepler-281 c,5.31,0.9
Kepler-281 d,5.937,0.88
Kepler-282 b,1.01,0.9
Kepler-282 c,1.2,0.9
Kepler-282 d,2.46,0.89
Kepler-282 e,3.1,0.89
Kepler-283 b,2.13,0.57
Kepler-283 c,1.82,0.57
Kepler-284 b,2.24,0.81
Kepler-284 c,2.61,0.81
Kepler-285 b,1.34,0.81
Kepler-285 c,1.12,0.81
Kepler-286 b,1.24,0.86
Kepler-286 c,1.37,0.86
Kepler-286 d,1.33,0.86
Kepler-286 e,1.77,0.86
Kepler-287 b,2.33,1.03
Kepler-287 c,3.26,1.03
Kepler-288 b,1.67,1.09
Kepler-288 c,2.85,1.09
Kepler-288 d,2.67,1.09
Kepler-289 b,2.15,1
Kepler-289 c,11.59,1
Kepler-289 d,2.68,1
Kepler-29 b,2.55,0.73
Kepler-29 c,2.34,0.73
Kepler-290 b,2.25,0.74
Kepler-290 c,2.7,0.74
Kepler-290 d,0.86,0.76
Kepler-291 b,2.16,1.02
Kepler-291 c,1.88,1.02
Kepler-292 b,1.32,0.83
Kepler-292 c,1.47,0.83
Kepler-292 d,2.23,0.83
Kepler-292 e,2.67,0.83
Kepler-292 f,2.35,0.83
Kepler-293 b,3.07,0.96
Kepler-293 c,3.83,0.96
Kepler-294 b,1.77,0.98
Kepler-294 c,2.71,0.98
Kepler-295 b,1.22,0.9
Kepler-295 c,1.17,0.9
Kepler-295 d,1.36,0.9
Kepler-296 b,1.61,0.48
Kepler-296 c,2,0.48
Kepler-296 d,2.09,0.48
Kepler-296 e,1.53,0.48
Kepler-296 f,1.8,0.48
Kepler-297 b,2.87,0.92
Kepler-297 c,6.54,0.92
Kepler-297 d,32.6,0.9
Kepler-298 b,1.96,0.58
Kepler-298 c,1.93,0.58
Kepler-298 d,2.5,0.58
Kepler-299 b,1.32,1.03
Kepler-299 c,2.65,1.03
Kepler-299 d,1.86,1.03
Kepler-299 e,1.87,1.03
Kepler-30 b,3.9,0.95
Kepler-30 c,12.3,0.95
Kepler-30 d,8.8,0.95
Kepler-300 b,1.67,0.9
Kepler-300 c,2.25,0.9
Kepler-301 b,1.35,0.9
Kepler-301 c,1.35,0.9
Kepler-301 d,1.75,0.9
Kepler-302 b,4.06,1.22
Kepler-302 c,12.45,1.22
Kepler-303 b,0.89,0.48
Kepler-303 c,1.14,0.48
Kepler-304 b,2.86,0.69
Kepler-304 c,2.17,0.69
Kepler-304 d,2.75,0.69
Kepler-304 e,1.2,0.73
Kepler-305 b,3.6,0.8
Kepler-305 c,3.3,0.8
Kepler-305 d,2.71,0.79
Kepler-305 e,1.794,0.83
Kepler-306 b,1.52,0.72
Kepler-306 c,2.35,0.72
Kepler-306 d,2.47,0.72
Kepler-306 e,2.27,0.72
Kepler-307 b,2.43,0.81
Kepler-307 c,2.2,0.81
Kepler-308 b,2.12,0.94
Kepler-308 c,2.16,0.94
Kepler-309 b,1.56,0.72
Kepler-309 c,2.51,0.72
Kepler-31 b,5.5,1.22
Kepler-31 c,5.3,1.22
Kepler-31 d,3.9,1.22
Kepler-310 b,1.19,0.88
Kepler-310 c,3.38,0.88
Kepler-310 d,2.47,0.88
Kepler-311 b,1.7,1.19
Kepler-311 c,1.43,1.19
Kepler-311 d,2.05,1.16
Kepler-312 b,1.29,1.47
Kepler-312 c,3.15,1.47
Kepler-313 b,2.53,1.54
Kepler-313 c,2.57,1.54
Kepler-314 b,0.83,0.95
Kepler-314 c,2.9,0.95
Kepler-315 b,3.77,1.04
Kepler-315 c,4.15,1.04
Kepler-316 b,1.06,0.52
Kepler-316 c,1.16,0.52
Kepler-317 b,2.09,0.94
Kepler-317 c,1.72,0.94
Kepler-318 b,4.71,1.19
Kepler-318 c,3.68,1.19
Kepler-319 b,1.63,0.9
Kepler-319 c,2.63,0.9
Kepler-319 d,2.29,0.9
Kepler-32 b,2.2,0.53
Kepler-32 c,2,0.53
Kepler-32 d,2.7,0.53
Kepler-32 e,1.5,0.53
Kepler-32 f,0.82,0.53
Kepler-320 b,1.14,1.11
Kepler-320 c,1.37,1.11
Kepler-321 b,1.77,1.19
Kepler-321 c,2.32,1.19
Kepler-322 b,1.01,0.89
Kepler-322 c,1.67,0.89
Kepler-323 b,1.381,1.12
Kepler-323 c,1.57,1.12
Kepler-324 b,1.14,0.84
Kepler-324 c,3.15,0.84
Kepler-324 e,2.039,0.83
Kepler-325 b,2.91,1
Kepler-325 c,2.54,1
Kepler-325 d,2.79,1
Kepler-326 b,1.52,0.8
Kepler-326 c,1.4,0.8
Kepler-326 d,1.21,0.8
Kepler-327 b,1.11,0.49
Kepler-327 c,1.03,0.49
Kepler-327 d,1.73,0.49
Kepler-328 b,2.3,1.06
Kepler-328 c,5.4,1.06
Kepler-329 b,1.4,0.52
Kepler-329 c,1.93,0.52
Kepler-33 b,1.74,1.82
Kepler-33 c,3.2,1.82
Kepler-33 d,5.35,1.82
Kepler-33 e,4.02,1.82
Kepler-33 f,4.46,1.82
Kepler-330 b,1.35,0.72
Kepler-330 c,1.95,0.72
Kepler-331 b,1.82,0.49
Kepler-331 c,1.84,0.49
Kepler-331 d,1.64,0.49
Kepler-332 b,1.17,0.72
Kepler-332 c,1.09,0.72
Kepler-332 d,1.18,0.72
Kepler-333 b,1.32,0.53
Kepler-333 c,1.11,0.53
Kepler-334 b,1.12,1.07
Kepler-334 c,1.43,1.07
Kepler-334 d,1.41,1.07
Kepler-335 b,3.39,1.85
Kepler-335 c,3.07,1.85
Kepler-336 b,1.02,1.3
Kepler-336 c,2.1,1.3
Kepler-336 d,2.37,1.3
Kepler-337 b,1.54,1.76
Kepler-337 c,2.05,1.76
Kepler-338 b,2.44,1.74
Kepler-338 c,2.34,1.74
Kepler-338 d,3,1.74
Kepler-338 e,1.56,1.74
Kepler-339 b,1.42,0.8
Kepler-339 c,1.15,0.8
Kepler-339 d,1.17,0.8
Kepler-34 b,8.564,1.16
Kepler-340 b,2.53,1.85
Kepler-340 c,3.37,1.85
Kepler-341 b,1.18,1.02
Kepler-341 c,1.7,1.02
Kepler-341 d,1.85,1.02
Kepler-341 e,1.99,1.02
Kepler-342 b,2.25,1.47
Kepler-342 c,1.96,1.47
Kepler-342 d,2.49,1.47
Kepler-342 e,0.88,1.34
Kepler-343 b,2.41,1.43
Kepler-343 c,2.02,1.43
Kepler-344 b,2.61,0.98
Kepler-344 c,2.95,0.98
Kepler-345 b,0.74,0.62
Kepler-345 c,1.2,0.62
Kepler-346 b,2.66,1.02
Kepler-346 c,3.07,1.02
Kepler-347 b,1.97,1.01
Kepler-347 c,1.75,1.01
Kepler-347 d,3.04,1.45
Kepler-348 b,1.52,1.36
Kepler-348 c,1.33,1.36
Kepler-349 b,1.9,0.93
Kepler-349 c,1.96,0.93
Kepler-35 b,8.16,1.03
Kepler-350 b,1.85,1.53
Kepler-350 c,3.1,1.25
Kepler-350 d,2.8,1.25
Kepler-351 b,3.06,0.85
Kepler-351 c,3.19,0.85
Kepler-351 d,2.72,0.78
Kepler-352 b,0.86,0.78
Kepler-352 c,1.24,0.78
Kepler-352 d,0.806,0.77
Kepler-353 b,0.89,0.5
Kepler-353 c,1.38,0.5
Kepler-354 b,1.84,0.67
Kepler-354 c,1.31,0.67
Kepler-354 d,1.24,0.67
Kepler-355 b,1.46,1.07
Kepler-355 c,2.71,1.07
Kepler-356 b,1.57,1.33
Kepler-356 c,1.81,1.33
Kepler-357 b,1.84,0.83
Kepler-357 c,2.67,0.83
Kepler-357 d,3.43,0.83
Kepler-358 b,2.72,0.95
Kepler-358 c,2.85,0.95
Kepler-359 b,3.53,1.09
Kepler-359 c,4.3,1.09
Kepler-359 d,4.01,1.09
Kepler-36 b,1.498,1.63
Kepler-36 c,3.679,1.63
Kepler-360 b,1.65,1.06
Kepler-360 c,2.1,1.06
Kepler-361 b,1.45,1.34
Kepler-361 c,2.52,1.34
Kepler-362 b,0.88,0.72
Kepler-362 c,1.45,0.72
Kepler-363 b,1.16,1.49
Kepler-363 c,1.69,1.49
Kepler-363 d,2.05,1.49
Kepler-364 b,1.55,1.28
Kepler-364 c,2.15,1.28
Kepler-365 b,2.04,1.05
Kepler-365 c,1.64,1.05
Kepler-366 b,1.46,1.05
Kepler-366 c,1.79,1.05
Kepler-367 b,1.3,0.69
Kepler-367 c,1.2,0.69
Kepler-368 b,3.26,2.02
Kepler-368 c,3.88,2.02
Kepler-369 b,1.13,0.47
Kepler-369 c,1.41,0.47
Kepler-37 b,0.31,0.79
Kepler-37 c,0.755,0.79
Kepler-37 d,2.03,0.79
Kepler-37 e,0.37,0.77
Kepler-370 b,1.59,0.9
Kepler-370 c,1.91,0.9
Kepler-371 b,1.89,0.99
Kepler-371 c,1.78,0.99
Kepler-372 b,1.36,1.14
Kepler-372 c,2.09,1.14
Kepler-372 d,1.69,1.14
Kepler-373 b,1.36,0.84
Kepler-373 c,1.24,0.84
Kepler-374 b,1.03,0.91
Kepler-374 c,1.1,0.91
Kepler-374 d,1.31,0.91
Kepler-375 b,1.45,0.84
Kepler-375 c,2.65,0.84
Kepler-376 b,1.07,1.18
Kepler-376 c,1.79,1.18
Kepler-377 b,1.39,1.22
Kepler-377 c,2.06,1.22
Kepler-378 b,0.75,0.67
Kepler-378 c,0.7,0.67
Kepler-379 b,1.66,1.31
Kepler-379 c,2.29,1.31
Kepler-38 b,4.3,1.75
Kepler-380 b,1.19,1.22
Kepler-380 c,1.27,1.22
Kepler-381 b,0.99,1.57
Kepler-381 c,1.12,1.57
Kepler-381 d,1.067,2.19
Kepler-382 b,1.32,0.94
Kepler-382 c,1.59,0.94
Kepler-383 b,1.32,0.67
Kepler-383 c,1.24,0.67
Kepler-384 b,1.12,0.88
Kepler-384 c,1.13,0.88
Kepler-385 b,2.73,1.13
Kepler-385 c,3.04,1.13
Kepler-385 d,2.619,1.16
Kepler-386 b,1.39,0.77
Kepler-386 c,1.58,0.77
Kepler-387 b,1.03,1.05
Kepler-387 c,0.89,1.05
Kepler-388 b,0.81,0.59
Kepler-388 c,0.86,0.59
Kepler-389 b,1.51,0.79
Kepler-389 c,1.46,0.79
Kepler-39 b,13.9,1.4
Kepler-390 b,0.82,0.78
Kepler-390 c,0.79,0.78
Kepler-391 b,3.2,3.57
Kepler-391 c,3.54,3.57
Kepler-392 b,1,1.13
Kepler-392 c,1.1,1.13
Kepler-393 b,1.29,1.38
Kepler-393 c,1.33,1.38
Kepler-394 b,1.6,1.13
Kepler-394 c,1.66,1.13
Kepler-394 d,1.501,1.1
Kepler-395 b,1.03,0.56
Kepler-395 c,1.32,0.56
Kepler-396 b,3.5,1.06
Kepler-396 c,5.3,1.06
Kepler-397 b,2.46,0.77
Kepler-397 c,6.18,0.77
Kepler-398 b,0.93,0.61
Kepler-398 c,1.01,0.61
Kepler-398 d,0.88,0.67
Kepler-399 b,0.96,0.68
Kepler-399 c,1.43,0.68
Kepler-399 d,1.89,0.68
Kepler-4 b,4.002,1.49
Kepler-40 b,13.11,2.13
Kepler-400 b,1.65,1.15
Kepler-400 c,1.49,1.15
Kepler-401 b,1.71,1.33
Kepler-401 c,2.15,1.33
Kepler-401 d,2.27,1.29
Kepler-402 b,1.22,1.26
Kepler-402 c,1.56,1.26
Kepler-402 d,1.38,1.26
Kepler-402 e,1.46,1.26
Kepler-403 b,1.25,1.33
Kepler-403 c,1.75,1.33
Kepler-403 d,1.42,1.45
Kepler-404 b,1.27,0.88
Kepler-404 c,1.72,0.88
Kepler-405 b,2.08,0.89
Kepler-405 c,4.66,0.89
Kepler-406 b,1.43,1.07
Kepler-406 c,0.85,1.07
Kepler-407 b,1.07,1.01
Kepler-408 b,0.82,1.23
Kepler-409 b,1.199,0.9
Kepler-41 b,14.46,1.29
Kepler-410 A b,2.838,1.35
Kepler-411 b,2.401,0.82
Kepler-411 c,4.421,0.82
Kepler-411 d,3.319,0.82
Kepler-411 e,3.28,0.82
Kepler-412 b,15.031,1.29
Kepler-413 b,4.347,0.78
Kepler-414 b,1.71,0.95
Kepler-414 c,3.01,0.95
Kepler-415 b,1.21,0.64
Kepler-415 c,2.01,0.64
Kepler-416 b,2.48,1.07
Kepler-416 c,2.45,1.07
Kepler-416 d,1.61,1.02
Kepler-417 b,2.31,0.81
Kepler-417 c,2.69,0.81
Kepler-418 b,13.45,1.09
Kepler-418 c,5.221,1.08
Kepler-419 b,10.8,1.74
Kepler-419 c,12.6,1.74
Kepler-42 b,0.78,0.17
Kepler-42 c,0.73,0.17
Kepler-42 d,0.57,0.17
Kepler-421 b,4.16,0.76
Kepler-422 b,12.89,1.24
Kepler-423 b,13.361,0.95
Kepler-424 b,9.98,0.94
Kepler-425 b,10.962,0.86
Kepler-426 b,12.22,0.92
Kepler-427 b,13.79,1.35
Kepler-428 b,12.11,0.8
Kepler-43 b,13.664,1.42
Kepler-430 b,3.25,1.49
Kepler-430 c,1.75,1.49
Kepler-431 b,0.764,1.09
Kepler-431 c,0.668,1.09
Kepler-431 d,1.11,1.09
Kepler-432 b,12.834,4.06
Kepler-433 b,16.25,2.26
Kepler-434 b,12.67,1.38
Kepler-435 b,22.31,3.21
Kepler-436 b,2.73,0.7
Kepler-436 c,2.33,0.71
Kepler-437 b,2.14,0.68
Kepler-438 b,1.12,0.52
Kepler-439 b,2.24,0.87
Kepler-44 b,12.22,1.35
Kepler-440 b,1.86,0.56
Kepler-441 b,1.64,0.55
Kepler-442 b,1.34,0.6
Kepler-443 b,2.33,0.71
Kepler-444 b,0.403,0.75
Kepler-444 c,0.497,0.75
Kepler-444 d,0.53,0.75
Kepler-444 e,0.546,0.75
Kepler-444 f,0.741,0.75
Kepler-445 b,1.58,0.21
Kepler-445 c,2.51,0.21
Kepler-445 d,1.25,0.21
Kepler-446 b,1.5,0.24
Kepler-446 c,1.11,0.24
Kepler-446 d,1.35,0.24
Kepler-447 b,18.49,1.05
Kepler-448 c,12,1.4
Kepler-449 b,2.056,1.47
Kepler-449 c,2.764,1.47
Kepler-45 b,10.76,0.55
Kepler-450 b,6.14,1.64
Kepler-450 c,2.62,1.64
Kepler-450 d,0.837,1.64
Kepler-452 b,1.63,1.11
Kepler-453 b,6.204,0.83
Kepler-454 b,2.37,1.07
Kepler-457 d,2.985,1.24
Kepler-458 c,4.2,2.22
Kepler-46 b,9.057,0.94
Kepler-46 c,13.5,0.94
Kepler-46 d,1.64,0.79
Kepler-460 c,5.52,1.26
Kepler-461 b,2.58,0.91
Kepler-462 b,3,1.57
Kepler-462 c,4,1.57
Kepler-463 b,3.05,0.9
Kepler-464 b,3.3,1.59
Kepler-465 b,2.95,1.29
Kepler-466 b,2.85,1.05
Kepler-466 c,1.25,1.05
Kepler-467 b,2.25,1.37
Kepler-468 b,13.34,0.87
Kepler-47 b,3.05,0.94
Kepler-47 c,4.65,0.94
Kepler-47 d,7.04,0.94
Kepler-470 b,14.44,1.66
Kepler-471 b,14.96,1.8
Kepler-472 b,3.22,0.78
Kepler-473 b,4.08,1.34
Kepler-474 b,3.06,1.08
Kepler-475 b,2.49,0.79
Kepler-476 b,3.08,1.09
Kepler-477 b,2.07,0.79
Kepler-478 b,2.71,0.8
Kepler-479 b,2.12,0.81
Kepler-48 b,1.88,0.89
Kepler-48 c,2.71,0.89
Kepler-48 d,2.04,0.89
Kepler-480 b,2.78,1.34
Kepler-481 b,2.5,1.09
Kepler-482 b,2.36,0.72
Kepler-483 b,3.21,1.47
Kepler-484 b,2.28,0.87
Kepler-485 b,14.41,1.09
Kepler-487 b,11.42,0.88
Kepler-487 c,2.68,0.88
Kepler-487 d,2.775,0.89
Kepler-488 b,15.79,1.09
Kepler-489 b,7.72,0.76
Kepler-49 b,2.72,0.53
Kepler-49 c,2.55,0.53
Kepler-49 d,1.6,0.56
Kepler-49 e,1.56,0.56
Kepler-490 b,11.65,1.12
Kepler-491 b,8.92,1.03
Kepler-493 b,15.13,1.54
Kepler-494 b,7.14,1.26
Kepler-495 b,5.23,0.83
Kepler-495 c,1.219,1.09
Kepler-496 b,2.32,0.82
Kepler-497 b,6.04,1.11
Kepler-498 b,3.03,0.96
Kepler-499 b,2.17,0.83
Kepler-5 b,15.984,1.79
Kepler-50 b,1.71,1.58
Kepler-50 c,2.17,1.58
Kepler-500 b,2.58,1.03
Kepler-501 b,4.3,1.04
Kepler-501 c,1.681,1.22
Kepler-502 b,4.77,1.22
Kepler-504 b,1.59,0.33
Kepler-505 b,2.6,0.53
Kepler-506 b,2.73,1.19
Kepler-507 b,1.3,1.32
Kepler-508 b,1.64,1.25
Kepler-509 b,2.49,1.2
Kepler-51 b,7.1,0.94
Kepler-51 c,9,0.94
Kepler-51 d,9.7,0.94
Kepler-510 b,2.47,1.41
Kepler-511 b,6.35,1.2
Kepler-511 c,4.21,1.42
Kepler-512 b,2.69,1.3
Kepler-513 b,2.2,1.06
Kepler-514 b,1.72,1.44
Kepler-515 b,1.46,0.83
Kepler-516 b,5.74,2.02
Kepler-517 b,2.67,0.98
Kepler-518 b,2.11,0.88
Kepler-519 b,2.1,0.8
Kepler-52 b,2.1,0.52
Kepler-52 c,1.84,0.52
Kepler-52 d,1.95,0.56
Kepler-520 b,1.66,1.09
Kepler-520 c,1.07,1.09
Kepler-521 b,3.18,1.46
Kepler-522 b,6.91,1.98
Kepler-523 b,1.96,0.86
Kepler-524 b,1.91,1.1
Kepler-524 c,0.96,1.1
Kepler-525 b,2.63,1.15
Kepler-526 b,1.99,1.14
Kepler-527 b,2.84,1.45
Kepler-528 b,2.08,1.06
Kepler-529 b,1.86,1.14
Kepler-529 c,2,1.14
Kepler-529 d,2.795,1.19
Kepler-53 b,2.89,0.89
Kepler-53 c,3.17,0.89
Kepler-53 d,2.12,0.96
Kepler-530 b,3.01,0.89
Kepler-531 b,2.78,0.75
Kepler-532 b,2.57,0.79
Kepler-533 b,3.38,0.72
Kepler-534 b,2.24,0.98
Kepler-534 c,1.227,0.97
Kepler-535 b,2.36,1.27
Kepler-536 b,3.1,0.89
Kepler-537 b,1.41,0.99
Kepler-538 b,2.215,0.87
Kepler-539 b,8.373,0.95
Kepler-539 c,13.3,0.95
Kepler-54 b,2.1,0.5
Kepler-54 c,1.23,0.5
Kepler-54 d,1.53,0.55
Kepler-540 b,2.71,1.08
Kepler-541 b,3.36,2.06
Kepler-542 b,1.57,0.9
Kepler-543 b,2.5,0.67
Kepler-544 b,2.12,1.22
Kepler-545 b,2.69,1.07
Kepler-546 b,7,1.15
Kepler-547 b,4,0.73
Kepler-548 b,11.99,0.9
Kepler-549 b,2.57,0.84
Kepler-549 c,2.93,0.84
Kepler-549 d,4.2,0.99
Kepler-55 b,2.43,0.58
Kepler-55 c,2.21,0.58
Kepler-55 d,1.59,0.62
Kepler-55 e,1.55,0.62
Kepler-55 f,1.59,0.62
Kepler-550 b,4.42,0.83
Kepler-551 b,2.73,0.63
Kepler-552 b,3.95,1.04
Kepler-553 b,4.63,0.85
Kepler-553 c,11.2,0.85
Kepler-554 b,4.29,0.92
Kepler-555 b,2.83,1.04
Kepler-556 b,2.24,0.98
Kepler-557 b,2.67,1.16
Kepler-558 b,2.37,0.81
Kepler-559 b,3.61,0.95
Kepler-56 b,6.51,4.23
Kepler-56 c,9.8,4.23
Kepler-560 b,1.72,0.33
Kepler-561 b,6.96,0.94
Kepler-561 c,2.68,0.94
Kepler-562 b,5.21,0.9
Kepler-563 b,3.09,0.77
Kepler-564 b,4.63,0.92
Kepler-565 b,3.64,0.95
Kepler-566 b,2.15,0.79
Kepler-567 b,2.25,0.79
Kepler-568 b,2.26,0.53
Kepler-569 b,3.16,0.93
Kepler-57 b,2.19,0.73
Kepler-57 c,1.55,0.73
Kepler-570 b,2.45,0.9
Kepler-571 b,2.64,0.9
Kepler-572 b,2.58,0.79
Kepler-573 b,2.79,1.02
Kepler-574 b,2.39,0.91
Kepler-575 b,2.39,0.95
Kepler-576 b,3.27,0.97
Kepler-577 b,2.55,0.73
Kepler-578 b,2,0.83
Kepler-579 b,2,0.96
Kepler-58 b,2.78,1.03
Kepler-58 c,2.86,1.03
Kepler-58 d,2.94,1.13
Kepler-58 e,1.61,1.08
Kepler-580 b,2.57,0.64
Kepler-581 b,2.63,1
Kepler-582 b,3.68,0.91
Kepler-583 b,2.28,0.91
Kepler-584 b,4.21,1.24
Kepler-585 b,2.83,0.93
Kepler-586 b,2.79,0.92
Kepler-587 b,2.23,0.89
Kepler-588 b,2.63,1
Kepler-589 b,2.27,0.83
Kepler-589 c,1.117,0.92
Kepler-59 b,1.1,0.94
Kepler-59 c,1.98,0.94
Kepler-590 b,4.02,1.15
Kepler-591 b,3.39,0.94
Kepler-592 b,2.39,1.04
Kepler-593 b,2.87,1.1
Kepler-594 b,2.18,0.87
Kepler-595 b,3.708,0.82
Kepler-595 c,1.009,0.82
Kepler-596 b,3.46,1.32
Kepler-597 b,2.37,0.95
Kepler-598 b,1.5,0.86
Kepler-598 c,3.024,0.9
Kepler-599 b,2.84,0.79
Kepler-6 b,14.617,1.39
Kepler-60 b,1.71,1.26
Kepler-60 c,1.9,1.26
Kepler-60 d,1.99,1.26
Kepler-600 b,2.9,0.81
Kepler-601 b,1.9,0.79
Kepler-602 b,2.09,1.13
Kepler-603 b,2.65,1.01
Kepler-603 c,6.5,1.01
Kepler-603 d,1.32,1.01
Kepler-604 b,2.59,1.03
Kepler-605 b,1.44,0.88
Kepler-605 c,0.86,0.88
Kepler-606 b,3.31,1.22
Kepler-607 b,0.87,0.8
Kepler-607 c,2.76,0.89
Kepler-608 b,3.64,1.01
Kepler-609 b,3.35,1.14
Kepler-61 b,2.15,0.62
Kepler-610 b,4.19,1.13
Kepler-610 c,3.3,1.13
Kepler-611 b,1.65,1.01
Kepler-612 b,2.84,0.96
Kepler-613 b,2.29,0.96
Kepler-614 b,2.39,0.81
Kepler-615 b,1.74,0.69
Kepler-616 b,2.43,0.97
Kepler-616 c,3.41,0.97
Kepler-616 d,2.653,0.98
Kepler-617 b,1.32,0.48
Kepler-618 b,2.6,1.08
Kepler-618 d,4.17,0.96
Kepler-619 b,3.16,1.11
Kepler-619 c,1.69,1.11
Kepler-62 b,1.31,0.64
Kepler-62 c,0.54,0.64
Kepler-62 d,1.95,0.64
Kepler-62 e,1.61,0.64
Kepler-62 f,1.41,0.64
Kepler-620 b,3.32,1.22
Kepler-621 b,2.3,0.68
Kepler-622 b,2.13,0.61
Kepler-623 b,3.01,0.86
Kepler-624 b,2.31,1.18
Kepler-625 b,1.99,0.96
Kepler-625 c,1.05,0.96
Kepler-626 b,2.29,1.05
Kepler-627 b,3.73,1.49
Kepler-628 b,8.4,1.28
Kepler-629 b,1.38,0.84
Kepler-63 b,6.11,0.9
Kepler-630 b,3.18,1.04
Kepler-631 b,2.9,1.33
Kepler-632 b,2.21,0.84
Kepler-633 b,1.63,1.15
Kepler-633 c,2.296,1.27
Kepler-634 b,1.89,1.24
Kepler-635 b,2.64,1.51
Kepler-636 b,4.45,0.8
Kepler-637 b,4.75,2.56
Kepler-638 b,1.83,0.93
Kepler-639 b,2.38,1.29
Kepler-640 b,2.56,0.94
Kepler-641 b,1.85,1.13
Kepler-642 b,2.9,1.66
Kepler-643 b,10.16,2.52
Kepler-644 b,3.15,1.81
Kepler-645 b,2.1,1.21
Kepler-646 b,1.99,0.91
Kepler-647 b,1.17,1.07
Kepler-647 c,4.001,1.55
Kepler-648 b,3.22,0.98
Kepler-649 b,2.26,0.94
Kepler-65 b,1.42,1.41
Kepler-65 c,2.58,1.41
Kepler-65 d,1.52,1.41
Kepler-650 b,2.96,1.35
Kepler-651 b,2.37,0.87
Kepler-652 b,2.49,0.88
Kepler-653 b,1.95,1.19
Kepler-653 c,0.78,1.19
Kepler-654 b,2.07,1.11
Kepler-655 b,2.71,1.24
Kepler-656 b,3.12,0.82
Kepler-656 c,1.41,0.95
Kepler-657 b,3.52,1.01
Kepler-658 b,1.63,0.6
Kepler-659 b,2.5,0.74
Kepler-66 b,2.8,0.97
Kepler-660 b,2.57,0.71
Kepler-661 b,3.07,0.67
Kepler-662 b,2.18,0.74
Kepler-663 b,2.6,0.82
Kepler-664 b,2.66,1.02
Kepler-665 b,2.6,0.74
Kepler-666 b,2.4,1.05
Kepler-667 b,4.73,0.87
Kepler-668 b,2.7,0.82
Kepler-669 b,4.83,1.2
Kepler-67 b,2.94,0.78
Kepler-670 b,13.18,0.99
Kepler-671 b,2.69,0.95
Kepler-672 b,2.5,0.92
Kepler-673 b,6.54,0.84
Kepler-674 b,1.69,0.57
Kepler-675 b,2.44,0.75
Kepler-676 b,3.04,0.49
Kepler-677 b,5.38,0.99
Kepler-678 b,5.14,0.91
Kepler-679 b,3.01,0.84
Kepler-68 b,2.357,1.26
Kepler-68 c,0.979,1.26
Kepler-680 b,2.42,1.11
Kepler-681 b,3.08,0.76
Kepler-682 b,7.37,0.89
Kepler-683 b,1.97,0.95
Kepler-684 b,3.36,0.86
Kepler-685 b,10.58,1.16
Kepler-686 b,12.15,0.92
Kepler-687 b,3.52,0.73
Kepler-688 b,9.76,0.96
Kepler-689 b,2.89,0.88
Kepler-69 b,2.24,0.93
Kepler-69 c,1.71,0.93
Kepler-690 b,5.95,1.16
Kepler-691 b,2.09,0.5
Kepler-692 b,3.11,0.86
Kepler-693 b,10.18,0.72
Kepler-694 b,2.8,0.95
Kepler-695 b,9.21,0.8
Kepler-696 b,6.14,1.08
Kepler-697 b,4.13,0.88
Kepler-698 b,3.68,0.91
Kepler-7 b,18.181,1.97
Kepler-700 b,5.99,0.96
Kepler-701 b,2.84,0.84
Kepler-702 b,9.17,0.86
Kepler-703 b,8.2,1.27
Kepler-704 b,2.61,0.96
Kepler-705 b,2.11,0.51
Kepler-706 b,13.17,0.84
Kepler-707 b,1.33,0.76
Kepler-708 b,2.93,0.96
Kepler-709 b,2.92,0.77
Kepler-710 b,1.88,0.91
Kepler-711 b,3.41,0.8
Kepler-712 b,3.41,0.78
Kepler-712 c,4.85,0.78
Kepler-713 b,2.48,0.99
Kepler-714 b,9.67,1.12
Kepler-715 b,3.75,1.04
Kepler-716 b,2.9,0.78
Kepler-716 c,1.393,0.74
Kepler-717 b,2.42,0.85
Kepler-718 b,16.56,1.3
Kepler-719 b,8.52,0.98
Kepler-720 b,8.41,0.92
Kepler-721 b,2.64,0.78
Kepler-722 b,2.63,1.05
Kepler-722 c,2.82,1.05
Kepler-723 b,12.19,0.89
Kepler-724 b,3.29,0.86
Kepler-725 b,10.63,0.84
Kepler-726 b,3.26,0.85
Kepler-727 b,2.53,0.86
Kepler-728 b,3.34,0.93
Kepler-729 b,3.58,0.91
Kepler-730 b,12.33,1.41
Kepler-730 c,1.569,1.41
Kepler-731 b,13.88,1.06
Kepler-732 b,2.18,0.46
Kepler-732 c,1.27,0.46
Kepler-733 b,2.82,0.86
Kepler-734 b,3.56,0.78
Kepler-735 b,2.95,0.8
Kepler-736 b,2.93,0.81
Kepler-737 b,1.96,0.48
Kepler-738 b,2.5,0.82
Kepler-739 b,3.32,0.9
Kepler-74 b,10.76,1.12
Kepler-740 b,4.57,0.87
Kepler-741 b,2.97,1.24
Kepler-742 b,3.24,0.71
Kepler-743 b,1.21,0.85
Kepler-744 b,1.62,0.93
Kepler-745 b,2.16,1.04
Kepler-746 b,1.11,0.93
Kepler-747 b,5.27,0.78
Kepler-748 b,2.52,1.1
Kepler-749 b,3.1,0.75
Kepler-75 b,11.77,0.89
Kepler-750 b,3.07,1.23
Kepler-750 c,1.62,1.23
Kepler-751 b,2.46,0.84
Kepler-752 b,2.81,0.83
Kepler-753 b,1.91,0.65
Kepler-754 b,2.01,1.08
Kepler-755 b,1.76,0.77
Kepler-755 c,1.26,0.77
Kepler-756 b,1.12,0.79
Kepler-757 b,1.36,1.13
Kepler-758 b,2.48,1.42
Kepler-758 c,1.69,1.42
Kepler-758 d,2.12,1.42
Kepler-758 e,1.53,1.42
Kepler-759 b,2.27,1.04
Kepler-760 b,3.06,0.85
Kepler-760 c,1.48,0.85
Kepler-761 b,2.03,0.93
Kepler-762 b,12.68,1.08
Kepler-763 b,1.22,0.8
Kepler-763 c,1.42,0.84
Kepler-763 d,1.67,0.84
Kepler-764 b,1.64,0.89
Kepler-765 b,2.43,1.06
Kepler-766 b,3.39,1.15
Kepler-767 b,6.64,0.94
Kepler-768 b,1.79,0.78
Kepler-769 b,2.92,1.28
Kepler-769 c,1.79,1.28
Kepler-77 b,10.761,0.99
Kepler-770 b,2.3,0.92
Kepler-770 c,1.2,0.92
Kepler-770 d,1.4,0.92
Kepler-771 b,1.82,1.05
Kepler-772 b,1.82,1.11
Kepler-773 b,1.43,1.01
Kepler-774 b,3.17,2.42
Kepler-775 b,1.19,0.84
Kepler-776 b,1.28,0.78
Kepler-777 b,1.47,0.56
Kepler-778 b,1.68,0.77
Kepler-779 b,0.92,0.44
Kepler-78 b,1.201,0.75
Kepler-780 b,0.89,1.02
Kepler-781 b,2.89,0.78
Kepler-782 b,3.21,1.01
Kepler-783 b,0.78,0.89
Kepler-783 c,2.332,0.87
Kepler-784 b,1.58,1.32
Kepler-784 c,1.55,1.49
Kepler-785 b,13.02,0.71
Kepler-786 b,2.43,0.74
Kepler-787 b,1.28,0.62
Kepler-788 b,2.55,1.23
Kepler-789 b,2.12,1.02
Kepler-79 b,3.47,1.3
Kepler-79 c,3.72,1.3
Kepler-79 d,7.16,1.3
Kepler-79 e,3.49,1.3
Kepler-790 b,2.18,0.8
Kepler-791 b,3.05,1.47
Kepler-792 b,1.96,1.12
Kepler-793 b,1.37,0.97
Kepler-794 b,2.11,1.38
Kepler-795 b,1.68,0.96
Kepler-796 b,1.3,1.09
Kepler-797 b,2.17,0.95
Kepler-798 b,2.39,1.29
Kepler-799 b,6.88,0.93
Kepler-799 c,2.781,1.59
Kepler-8 b,15.872,1.49
Kepler-80 b,2.67,0.68
Kepler-80 c,2.74,0.68
Kepler-80 d,1.53,0.68
Kepler-80 e,1.6,0.68
Kepler-80 f,1.21,0.68
Kepler-80 g,1.13,0.68
Kepler-800 b,2.85,0.82
Kepler-801 b,2,0.63
Kepler-802 b,3.54,0.9
Kepler-803 b,3.79,1.12
Kepler-804 b,1.94,1.05
Kepler-804 c,1.14,1.05
Kepler-805 b,2.89,1.65
Kepler-806 b,1.14,1.16
Kepler-807 b,10.42,1.06
Kepler-808 b,1.46,0.71
Kepler-809 b,3.01,0.98
Kepler-81 b,2.42,0.59
Kepler-81 c,2.37,0.59
Kepler-81 d,1.21,0.59
Kepler-810 b,1.93,1.04
Kepler-811 b,2.7,1.24
Kepler-812 b,3.55,1.71
Kepler-813 b,2.14,0.93
Kepler-814 b,2.12,1.22
Kepler-815 b,4.11,3.42
Kepler-816 b,10.24,0.85
Kepler-817 b,9.03,1.03
Kepler-818 b,5.11,0.92
Kepler-819 b,2.76,0.81
Kepler-82 b,4.07,0.9
Kepler-82 c,5.34,0.9
Kepler-82 d,1.77,0.95
Kepler-82 e,2.47,0.95
Kepler-82 f,4.84,0.9
Kepler-820 b,6.09,1.36
Kepler-821 b,1.31,0.8
Kepler-822 b,1.77,1.08
Kepler-823 b,1.57,0.96
Kepler-824 b,1.87,1.22
Kepler-825 b,1.53,1.08
Kepler-825 c,1.84,1.08
Kepler-826 b,1.25,1.15
Kepler-827 b,5.63,0.91
Kepler-828 b,1.51,0.77
Kepler-829 b,2.11,0.97
Kepler-83 b,2.83,0.61
Kepler-83 c,2.36,0.61
Kepler-83 d,1.94,0.59
Kepler-830 b,1.7,1.11
Kepler-831 b,1.27,0.97
Kepler-832 b,2.06,0.9
Kepler-833 b,2.02,0.62
Kepler-834 b,2.02,0.66
Kepler-835 b,2.79,1.11
Kepler-836 b,2.73,1.04
Kepler-837 b,2.56,0.81
Kepler-838 b,2.73,0.96
Kepler-839 b,2.57,1.31
Kepler-84 b,2.23,1.43
Kepler-84 c,2.36,1.43
Kepler-84 d,1.38,1.17
Kepler-84 e,2.6,1.17
Kepler-84 f,2.2,1.17
Kepler-841 b,5.23,0.81
Kepler-842 b,1.6,0.73
Kepler-843 b,2.59,1.03
Kepler-844 b,1.68,0.57
Kepler-845 b,2.04,0.75
Kepler-846 b,2.48,0.91
Kepler-847 b,1.18,0.77
Kepler-848 b,1.7,1.2
Kepler-849 b,7.14,1.64
Kepler-85 b,1.97,1.24
Kepler-85 c,2.18,1.24
Kepler-85 d,1.2,0.89
Kepler-85 e,1.27,0.89
Kepler-850 b,1.78,1.09
Kepler-851 b,1.68,0.85
Kepler-852 b,2.54,1.16
Kepler-853 b,1.69,1.55
Kepler-855 b,8.35,1.03
Kepler-856 b,9.3,0.93
Kepler-857 b,6.8,0.99
Kepler-858 b,4.87,0.91
Kepler-859 b,3.09,0.77
Kepler-860 b,3.24,1.06
Kepler-861 b,2.28,0.78
Kepler-862 b,2.21,0.84
Kepler-863 b,2.9,0.95
Kepler-864 b,2.4,1
Kepler-864 c,1.62,1.2
Kepler-865 b,2.49,0.92
Kepler-865 c,0.89,0.89
Kepler-866 b,1.63,0.71
Kepler-867 b,4.64,0.91
Kepler-868 b,2.05,0.89
Kepler-869 b,3.61,0.95
Kepler-87 b,13.49,1.82
Kepler-87 c,6.14,1.82
Kepler-870 b,2.78,1.02
Kepler-871 b,3.74,1.14
Kepler-872 b,1.99,1.08
Kepler-873 b,3.75,1.27
Kepler-874 b,3.94,1.13
Kepler-875 b,2.9,1.11
Kepler-876 b,1.43,0.77
Kepler-877 b,2.12,0.81
Kepler-878 b,1.93,0.77
Kepler-879 b,2.57,1.02
Kepler-880 b,2.66,1.74
Kepler-880 c,2.87,2.6
Kepler-881 b,1.78,1.09
Kepler-882 b,1.23,0.87
Kepler-883 b,1.78,1.09
Kepler-884 b,1.23,0.94
Kepler-885 b,2.5,1.35
Kepler-886 b,1.52,1.16
Kepler-887 b,1.84,1.29
Kepler-887 c,1.13,1.29
Kepler-888 b,1.76,0.9
Kepler-889 b,1.09,1.25
Kepler-890 b,8.89,1.13
Kepler-891 b,6.41,1.07
Kepler-892 b,2.81,0.72
Kepler-893 b,3.03,0.99
Kepler-894 b,2.78,0.85
Kepler-895 b,1.54,0.61
Kepler-896 b,2.53,0.81
Kepler-896 c,3.15,0.8
Kepler-897 b,2.39,1.04
Kepler-898 b,1.49,0.62
Kepler-899 b,2.68,0.91
Kepler-9 b,8.29,0.96
Kepler-9 c,8.08,0.96
Kepler-9 d,1.64,1.02
Kepler-90 i,1.32,1.29
Kepler-900 b,2.08,0.73
Kepler-901 b,1.37,0.57
Kepler-902 b,2.54,0.93
Kepler-903 b,2.01,0.97
Kepler-903 c,2.53,0.97
Kepler-904 b,1.77,1.25
Kepler-905 b,1.41,0.86
Kepler-906 b,2.11,1.02
Kepler-907 b,1.2,1.38
Kepler-908 b,1.22,1.12
Kepler-909 b,1.47,1.23
Kepler-91 b,15.323,6.3
Kepler-910 b,0.82,1.5
Kepler-911 b,2.6,1.99
Kepler-912 b,2.8,1.11
Kepler-913 b,2.06,0.61
Kepler-913 c,3.858,1.8
Kepler-914 b,1.38,1.15
Kepler-915 b,1.5,1.38
Kepler-916 b,1.76,0.81
Kepler-917 b,1.91,0.76
Kepler-918 b,1.74,1.14
Kepler-919 b,2.25,1.21
Kepler-92 b,3.51,1.7
Kepler-92 c,2.6,1.7
Kepler-92 d,2.067,1.82
Kepler-920 b,2.42,0.85
Kepler-920 c,3.8,0.85
Kepler-921 b,2.87,0.91
Kepler-922 b,1.42,0.93
Kepler-923 b,1.38,1.26
Kepler-924 b,3.07,1.23
Kepler-925 b,2.34,0.72
Kepler-926 b,2.31,1.01
Kepler-927 b,1.72,0.99
Kepler-928 b,1.59,0.7
Kepler-929 b,1.11,1.02
Kepler-93 b,1.478,0.92
Kepler-930 b,2.13,1.4
Kepler-931 b,1.33,0.81
Kepler-932 b,1.37,0.84
Kepler-933 b,2.46,0.84
Kepler-934 b,2.09,0.77
Kepler-935 b,1.35,0.73
Kepler-936 b,1.45,0.89
Kepler-937 b,3.72,1.22
Kepler-937 c,2.67,1.22
Kepler-938 b,2.22,0.89
Kepler-939 b,1.75,0.85
Kepler-94 b,3.51,0.76
Kepler-940 b,3.34,0.96
Kepler-941 b,3.08,0.86
Kepler-942 b,2.13,0.75
Kepler-943 b,5.93,0.91
Kepler-944 b,2.63,0.83
Kepler-945 b,2.63,0.97
Kepler-946 b,1.93,0.93
Kepler-947 b,2.28,0.87
Kepler-948 b,1.85,0.94
Kepler-949 b,2.91,0.86
Kepler-949 c,2.97,0.9
Kepler-95 b,3.42,1.41
Kepler-950 b,8.98,1.02
Kepler-951 b,5.59,0.73
Kepler-952 b,7.65,0.99
Kepler-953 b,4.21,0.99
Kepler-953 c,1.19,0.99
Kepler-954 b,2.32,0.76
Kepler-955 b,3.13,0.84
Kepler-956 b,3,1.15
Kepler-957 b,5.5,0.75
Kepler-958 b,2.06,0.86
Kepler-959 b,4.38,2.01
Kepler-96 b,2.67,1.02
Kepler-960 b,2.29,0.72
Kepler-961 b,2.55,0.9
Kepler-962 b,1.97,0.86
Kepler-963 b,2.66,0.87
Kepler-964 b,2.12,0.84
Kepler-965 b,3.38,1.15
Kepler-966 b,4.13,1.02
Kepler-967 b,2.35,0.8
Kepler-967 c,3.65,0.8
Kepler-968 b,2,0.7
Kepler-968 c,1.69,0.7
Kepler-969 b,2.07,0.82
Kepler-969 c,0.99,0.82
Kepler-97 b,1.48,0.98
Kepler-970 b,2.609,0.71
Kepler-971 b,2.13,0.85
Kepler-972 b,4.65,1.22
Kepler-973 b,1.96,0.78
Kepler-974 b,1.57,0.5
Kepler-975 b,1.48,0.75
Kepler-975 c,10.69,1.67
Kepler-976 b,3.96,0.83
Kepler-977 b,2.62,0.83
Kepler-978 b,2.99,1.09
Kepler-979 b,2.72,0.83
Kepler-98 b,1.99,1.11
Kepler-980 b,2.67,1.06
Kepler-981 b,2.31,0.96
Kepler-982 b,2.25,1.29
Kepler-983 b,2.36,1.08
Kepler-984 b,2.12,0.93
Kepler-985 b,2.98,0.85
Kepler-986 b,2.36,0.98
Kepler-987 b,3.26,0.91
Kepler-988 b,2.07,0.53
Kepler-989 b,2.21,0.78
Kepler-99 b,1.48,0.73
Kepler-990 b,2.6,1.08
Kepler-990 c,1.53,1.08
Kepler-991 b,2.54,0.61
Kepler-992 b,1.62,0.74
Kepler-993 b,2.97,0.54
Kepler-994 b,1.6,0.54
Kepler-995 b,2.7,0.8
Kepler-996 b,1.98,1.14
Kepler-997 b,1.36,1.56
Kepler-998 b,2.32,1.18
Kepler-999 b,2.34,1.65
L 168-9 b,1.39,0.6
L 98-59 b,0.85,0.31
L 98-59 c,1.34,0.31
L 98-59 d,1.58,0.31
LHS 1140 b,1.635,0.21
LHS 1140 c,1.169,0.21
LHS 1478 b,1.242,0.25
LHS 1678 b,0.696,0.33
LHS 1678 c,0.982,0.33
LHS 1815 b,1.088,0.5
LHS 3844 b,1.303,0.19
LP 714-47 b,4.7,0.58
LP 791-18 b,1.212,0.18
LP 791-18 c,2.438,0.18
LP 791-18 d,1.032,0.18
LP 890-9 b,1.32,0.16
LP 890-9 c,1.367,0.16
LTT 1445 A b,1.305,0.27
LTT 1445 A c,1.147,0.27
LTT 3780 b,1.32,0.37
LTT 3780 c,2.33,0.37
LTT 9779 b,4.72,0.95
Lupus-TR-3 b,9.976,0.82
MASCARA-1 b,17.901,2.08
MASCARA-4 b,17.15,1.92
NGTS-1 b,14.908,0.57
NGTS-10 b,13.507,0.7
NGTS-11 b,9.158,0.83
NGTS-12 b,11.747,1.59
NGTS-13 b,12.801,1.79
NGTS-14 A b,4.977,0.84
NGTS-15 b,12.33,0.95
NGTS-16 b,14.572,1.21
NGTS-17 b,13.899,1.34
NGTS-18 b,13.563,1.39
NGTS-2 b,17.878,1.7
NGTS-20 b,11.994,1.78
NGTS-21 b,14.908,0.86
NGTS-23 b,14.202,1.24
NGTS-24 b,13.608,1.64
NGTS-25 b,11.467,0.86
NGTS-3 A b,16.589,0.93
NGTS-4 b,3.18,0.84
NGTS-5 b,12.733,0.74
NGTS-6 b,14.863,0.75
NGTS-8 b,12.218,0.98
NGTS-9 b,11.994,1.38
OGLE-TR-10 b,14.011,1.17
OGLE-TR-111 b,11.422,0.83
OGLE-TR-113 b,12.251,0.77
OGLE-TR-132 b,13.45,1.32
OGLE-TR-182 b,12.666,1.14
OGLE-TR-211 b,15.244,1.64
OGLE-TR-56 b,15.278,1.74
OGLE2-TR-L9 b,18.046,1.53
PH1 b,6.18,1.73
PH2 b,10.12,1
POTS-1 b,10.548,0.59
Qatar-1 b,12.812,0.8
Qatar-10 b,17.295,1.25
Qatar-2 b,14.056,0.78
Qatar-3 b,12.285,1.27
Qatar-4 b,12.722,0.85
Qatar-5 b,12.408,1.08
Qatar-6 b,11.904,0.72
Qatar-7 b,19.055,1.56
Qatar-8 b,14.404,1.32
Qatar-9 b,11.31,0.7
SWEEPS-11 b,12.666,1.45
SWEEPS-4 b,9.079,1.18
TIC 172900988 b,11.25,1.38
TIC 237913194 b,12.52,1.09
TIC 257060897 b,16.701,1.82
TIC 279401253 b,11.209,1.06
TIC 279401253 c,12.6,1.06
TOI-1062 b,2.265,0.84
TOI-1064 b,2.587,0.73
TOI-1064 c,2.651,0.73
TOI-1075 b,1.791,0.58
TOI-1107 b,14.572,1.81
TOI-1130 b,3.65,0.69
TOI-1130 c,16.814,0.69
TOI-1136 b,1.9,0.97
TOI-1136 c,2.879,0.97
TOI-1136 d,4.627,0.97
TOI-1136 e,2.639,0.97
TOI-1136 f,3.88,0.97
TOI-1136 g,2.53,0.97
TOI-1181 b,14.572,1.75
TOI-1201 b,2.415,0.51
TOI-122 b,2.72,0.33
TOI-1221 b,2.91,1.03
TOI-1227 b,9.572,0.56
TOI-1231 b,3.65,0.48
TOI-1235 b,1.69,0.63
TOI-1246 b,3.01,0.86
TOI-1246 c,2.51,0.86
TOI-1246 d,3.51,0.86
TOI-1246 e,3.78,0.86
TOI-125 b,2.726,0.85
TOI-125 c,2.759,0.85
TOI-125 d,2.93,0.85
TOI-1259 A b,11.456,0.71
TOI-1260 b,2.41,0.67
TOI-1260 c,2.76,0.67
TOI-1260 d,3.12,0.67
TOI-1266 b,2.37,0.42
TOI-1266 c,1.56,0.42
TOI-1268 b,9.1,0.92
TOI-1272 b,4.14,0.79
TOI-1278 b,12.218,0.57
TOI-1288 b,5.24,1.01
TOI-1296 b,13.798,1.66
TOI-1298 b,9.427,1.41
TOI-132 b,3.42,0.9
TOI-1333 b,15.648,1.93
TOI-1338 b,6.85,1.33
TOI-139 b,2.457,0.7
TOI-1411 b,1.36,0.66
TOI-1416 b,1.62,0.79
TOI-1422 b,3.96,1.02
TOI-1431 b,16.701,1.92
TOI-1442 b,1.17,0.31
TOI-1444 b,1.397,0.91
TOI-1452 b,1.672,0.28
TOI-1468 b,1.28,0.34
TOI-1468 c,2.064,0.34
TOI-1478 b,11.882,1.05
TOI-150.01,14.067,1.53
TOI-1516 b,15.244,1.14
TOI-1518 b,21.017,1.95
TOI-157 b,14.415,1.17
TOI-1601 b,13.888,2.19
TOI-163 b,16.69,1.65
TOI-1634 b,1.773,0.45
TOI-1670 b,2.06,1.32
TOI-1670 c,11.063,1.32
TOI-1685 b,1.7,0.46
TOI-169 b,12.173,1.29
TOI-1693 b,1.41,0.46
TOI-1694 b,5.44,0.82
TOI-1695 b,1.9,0.52
TOI-1696 b,3.09,0.28
TOI-1710 b,5.34,0.97
TOI-172 b,10.817,1.78
TOI-1728 b,5.05,0.62
TOI-1749 b,1.39,0.55
TOI-1749 c,2.12,0.55
TOI-1749 d,2.52,0.55
TOI-1759 b,3.14,0.6
TOI-178 b,1.152,0.65
TOI-178 c,1.669,0.65
TOI-178 d,2.572,0.65
TOI-178 e,2.207,0.65
TOI-178 f,2.287,0.65
TOI-178 g,2.87,0.65
TOI-1789 b,16.141,2.17
TOI-1807 b,1.258,0.68
TOI-181 b,6.956,0.74
TOI-1811 b,11.142,0.77
TOI-1820 b,12.778,1.51
TOI-1842 b,11.657,2.02
TOI-1859 b,9.752,1.36
TOI-1860 b,1.31,0.94
TOI-1899 b,12.89,0.61
TOI-1937 A b,13.978,1.08
TOI-2000 b,2.7,1.13
TOI-2000 c,8.14,1.13
TOI-201 b,11.299,1.32
TOI-2018 b,2.268,0.62
TOI-2025 b,11.893,1.46
TOI-2046 b,16.141,1.21
TOI-2048 b,2.61,0.79
TOI-206 b,1.3,0.35
TOI-2076 b,2.518,0.77
TOI-2076 c,3.497,0.77
TOI-2076 d,3.232,0.77
TOI-2081 b,2.04,0.53
TOI-2096 b,1.243,0.24
TOI-2096 c,1.914,0.24
TOI-2109 b,15.098,1.7
TOI-2136 b,2.19,0.34
TOI-2145 b,11.982,2.75
TOI-2152 A b,14.359,1.61
TOI-2154 b,16.287,1.4
TOI-2158 b,10.761,1.41
TOI-216.01,10.1,0.75
TOI-216.02,8,0.75
TOI-2180 b,11.321,1.64
TOI-2184 b,11.4,2.9
TOI-2193 A b,19.84,1.25
TOI-2194 b,1.989,0.69
TOI-2196 b,3.51,1.04
TOI-220 b,3.03,0.86
TOI-2202 b,11.321,0.79
TOI-2202 c,13.4,0.79
TOI-2207 b,11.153,1.56
TOI-2236 b,14.37,1.57
TOI-2257 b,2.194,0.31
TOI-2260 b,1.62,0.94
TOI-2285 b,1.74,0.46
TOI-2337 b,10.088,3.22
TOI-2338 b,11.209,1.05
TOI-2364 b,8.608,0.89
TOI-237 b,1.44,0.21
TOI-2406 b,2.94,0.2
TOI-2411 b,1.68,0.68
TOI-2421 b,10.368,1.75
TOI-2427 b,1.8,0.65
TOI-244 b,1.52,0.43
TOI-2443 b,2.773,0.73
TOI-2445 b,1.25,0.27
TOI-2459 b,2.953,0.68
TOI-2497 b,11.142,2.36
TOI-2498 b,6.06,1.26
TOI-251 b,2.74,0.88
TOI-2525 b,8.676,0.79
TOI-2525 c,10.133,0.79
TOI-2545 b,2.75,1.25
TOI-2567 b,10.929,1.69
TOI-257 b,7.163,1.87
TOI-2570 b,13.641,1.09
TOI-2583 A b,14.46,1.48
TOI-2587 A b,12.072,1.73
TOI-2589 b,12.106,1.07
TOI-2669 b,19.728,4.1
TOI-269 b,2.77,0.4
TOI-270 b,1.206,0.38
TOI-270 c,2.355,0.38
TOI-270 d,2.133,0.38
TOI-277 b,2.65,0.36
TOI-2796 b,17.262,1.07
TOI-2803 A b,18.114,1.25
TOI-2818 b,15.278,1.23
TOI-2842 b,12.845,1.27
TOI-2977 b,13.159,1.07
TOI-3023 b,16.432,1.67
TOI-3082 b,3.662,0.68
TOI-3235 b,11.4,0.37
TOI-3331 A b,12.98,0.95
TOI-3362 b,12.801,1.83
TOI-3364 b,12.229,1.42
TOI-3540 A b,23.539,1.23
TOI-3629 b,8.295,0.6
TOI-3688 A b,13.081,1.3
TOI-3693 b,12.599,0.79
TOI-3714 b,11.321,0.51
TOI-3757 b,12,0.62
TOI-3807 b,18.495,1.47
TOI-3819 b,13.137,1.54
TOI-3884 b,6,0.3
TOI-3912 b,14.28,1.39
TOI-3976 A b,12.274,1.5
TOI-4010 b,3.02,0.83
TOI-4010 c,5.93,0.83
TOI-4010 d,6.18,0.83
TOI-4087 b,13.047,1.11
TOI-4127 b,12.285,1.29
TOI-4137 b,13.574,1.44
TOI-4145 A b,13.305,0.86
TOI-421 b,2.68,0.87
TOI-421 c,5.09,0.87
TOI-4308 b,2.419,0.79
TOI-431 b,1.28,0.73
TOI-431 d,3.29,0.73
TOI-4329 b,16.813,2.31
TOI-4342 b,2.266,0.6
TOI-4342 c,2.415,0.6
TOI-4406 b,11.209,1.29
TOI-4463 A b,13.26,1.06
TOI-4479 b,2.82,0.45
TOI-451 b,1.91,0.88
TOI-451 c,3.1,0.88
TOI-451 d,4.07,0.88
TOI-4562 b,12.53,1.15
TOI-4582 b,10.536,2.5
TOI-4603 b,11.68,2.74
TOI-4791 b,12.442,1.41
TOI-481 b,11.097,1.66
TOI-500 b,1.166,0.68
TOI-5153 b,11.882,1.4
TOI-5174 b,5.351,1.09
TOI-519 b,11.545,0.35
TOI-5205 b,11.6,0.39
TOI-5238 b,5.22,1.02
TOI-530 b,9.303,0.54
TOI-532 b,5.82,0.61
TOI-5398 b,11.657,1.05
TOI-540 b,0.903,0.19
TOI-544 b,2.03,0.66
TOI-5542 b,11.31,1.06
TOI-558 b,12.173,1.5
TOI-559 b,12.229,1.23
TOI-561 b,1.425,0.84
TOI-561 c,2.91,0.84
TOI-561 d,2.82,0.84
TOI-561 e,2.55,0.84
TOI-564 b,11.433,1.09
TOI-5678 b,4.91,0.94
TOI-5704 b,3.227,0.76
TOI-5803 b,3.273,0.76
TOI-620 b,3.76,0.55
TOI-628 b,11.882,1.34
TOI-640 b,19.851,2.08
TOI-672 b,5.26,0.54
TOI-674 b,5.25,0.42
TOI-677 b,13.115,1.28
TOI-700 b,0.914,0.42
TOI-700 c,2.6,0.42
TOI-700 d,1.073,0.42
TOI-700 e,0.953,0.42
TOI-712 b,2.049,0.67
TOI-712 c,2.701,0.67
TOI-712 d,2.474,0.67
TOI-715 b,1.55,0.24
TOI-733 b,1.992,0.95
TOI-763 b,2.28,0.9
TOI-763 c,2.63,0.9
TOI-776 b,1.85,0.54
TOI-776 c,2.02,0.54
TOI-778 b,15.4,1.71
TOI-813 b,6.71,1.94
TOI-824 b,2.926,0.7
TOI-833 b,1.27,0.6
TOI-836 b,1.704,0.67
TOI-836 c,2.587,0.67
TOI-837 b,8.631,1.02
TOI-849 b,3.444,0.92
TOI-892 b,11.994,1.39
TOI-905 b,13.126,0.92
TOI-908 b,3.186,1.03
TOI-913 b,2.453,0.73
TOI-942 b,3.89,0.89
TOI-942 c,4.67,0.89
TOI-954 b,9.55,1.89
TOI-969 b,2.765,0.67
TRAPPIST-1 b,1.116,0.12
TRAPPIST-1 c,1.097,0.12
TRAPPIST-1 d,0.788,0.12
TRAPPIST-1 e,0.92,0.12
TRAPPIST-1 f,1.045,0.12
TRAPPIST-1 g,1.129,0.12
TRAPPIST-1 h,0.755,0.12
TrES-1 b,12.666,0.85
TrES-2 b,15.244,1.12
TrES-3 b,14.975,0.83
TrES-4 b,18.046,1.66
TrES-5 b,13.384,0.87
V1298 Tau b,10.27,1.34
V1298 Tau c,5.59,1.34
V1298 Tau d,6.41,1.34
V1298 Tau e,8.74,1.34
WASP-1 b,16.623,1.47
WASP-10 b,12.106,0.7
WASP-100 b,14.908,1.57
WASP-101 b,16.029,1.31
WASP-103 b,17.127,1.44
WASP-104 b,12.745,0.96
WASP-105 b,10.761,0.9
WASP-106 b,11.433,1.31
WASP-107 b,10.536,0.67
WASP-11 b,12.442,0.89
WASP-110 b,13.877,0.86
WASP-113 b,15.793,1.61
WASP-114 b,15.009,1.43
WASP-117 b,11.882,1.22
WASP-118 b,16.141,1.7
WASP-119 b,15.693,1.2
WASP-12 b,21.712,1.66
WASP-120 b,16.511,1.87
WASP-121 b,19.649,1.46
WASP-123 b,14.773,1.29
WASP-124 b,13.899,1.02
WASP-126 b,10.435,1.27
WASP-126 c,9.38,1.27
WASP-127 b,14.695,1.33
WASP-129 b,10.424,0.9
WASP-13 b,13.675,1.37
WASP-130 b,9.976,0.96
WASP-131 b,13.675,1.53
WASP-132 b,10.05,0.75
WASP-132 c,1.85,0.75
WASP-133 b,13.563,1.44
WASP-135 b,14.572,0.96
WASP-136 b,15.468,2.21
WASP-138 b,12.218,1.36
WASP-139 b,8.967,0.8
WASP-14 b,15.468,1.4
WASP-140 b,16.141,0.87
WASP-141 b,13.563,1.37
WASP-142 b,17.15,1.64
WASP-144 b,9.528,0.81
WASP-145 A b,10.088,0.68
WASP-147 b,12.498,1.43
WASP-148 b,8.474,0.91
WASP-15 b,15.805,1.48
WASP-150 b,11.994,1.65
WASP-151 b,13.305,1.18
WASP-153 b,17.374,1.73
WASP-156 b,5.717,0.76
WASP-157 b,11.19,1.1
WASP-158 b,11.994,1.39
WASP-159 b,15.468,2.11
WASP-16 b,13.675,1.14
WASP-160 B b,12.218,0.87
WASP-161 b,12.812,1.71
WASP-162 b,11.209,1.11
WASP-163 b,13.473,1.01
WASP-164 b,12.644,0.93
WASP-165 b,14.123,1.75
WASP-166 b,7.062,1.29
WASP-167 b,17.71,1.79
WASP-168 b,16.814,1.12
WASP-169 b,14.617,2.01
WASP-17 b,20.961,1.49
WASP-170 b,12.285,0.94
WASP-171 b,10.985,1.64
WASP-172 b,17.598,1.91
WASP-173 A b,13.451,1.11
WASP-174 b,16.107,1.35
WASP-175 b,13.54,1.2
WASP-176 b,16.87,1.93
WASP-177 b,17.71,0.89
WASP-178 b,20.288,1.67
WASP-18 b,13.899,1.32
WASP-18 c,8.58,1.23
WASP-180 A b,13.899,1.19
WASP-181 b,13.271,0.97
WASP-182 b,9.528,1.34
WASP-183 b,16.477,0.87
WASP-184 b,14.908,1.65
WASP-185 b,14.011,1.5
WASP-186 b,12.442,1.47
WASP-187 b,18.383,2.83
WASP-189 b,18.147,2.36
WASP-19 b,15.861,1.02
WASP-190 b,12.89,1.6
WASP-192 b,13.787,1.32
WASP-2 b,12.117,0.87
WASP-20 b,16.388,1.39
WASP-21 b,11.99,1.06
WASP-22 b,13.787,1.24
WASP-23 b,10.783,0.77
WASP-24 b,15.468,1.42
WASP-25 b,11.994,0.8
WASP-26 b,13.563,1.22
WASP-28 b,13.664,1.08
WASP-29 b,8.631,0.79
WASP-3 b,15.917,1.44
WASP-31 b,17.363,1.25
WASP-32 b,10.761,0.95
WASP-33 b,17.856,1.44
WASP-34 b,11.209,0.91
WASP-35 b,14.572,1.08
WASP-36 b,14.874,0.99
WASP-37 b,13.002,1
WASP-38 b,13.787,1.52
WASP-39 b,14.235,0.9
WASP-4 b,14.807,0.89
WASP-41 b,12.33,0.83
WASP-42 b,12.576,0.89
WASP-43 b,10.424,0.65
WASP-44 b,12.33,0.91
WASP-45 b,10.604,0.86
WASP-46 b,13.159,0.86
WASP-47 b,12.64,1.14
WASP-47 d,3.567,1.14
WASP-47 e,1.808,1.14
WASP-48 b,16.814,1.58
WASP-49 b,12.442,0.97
WASP-5 b,12.184,1.03
WASP-50 b,13.07,0.84
WASP-52 b,14.24,0.79
WASP-53 b,12.038,0.8
WASP-54 b,17.71,1.76
WASP-55 b,14.908,1.09
WASP-56 b,10.536,0.96
WASP-57 b,11.769,0.93
WASP-58 b,16.029,1.22
WASP-59 b,8.687,0.61
WASP-6 b,11.545,0.73
WASP-60 b,9.864,1.17
WASP-61 b,15.805,1.55
WASP-62 b,14.796,1.23
WASP-63 b,15.805,1.76
WASP-64 b,14.247,1.06
WASP-65 b,12.464,1.01
WASP-66 b,15.693,1.76
WASP-67 b,12.89,0.88
WASP-68 b,14.796,1.79
WASP-69 b,12.442,0.82
WASP-7 b,14.908,1.43
WASP-70 A b,13.047,1.22
WASP-71 b,13.227,1.82
WASP-72 b,14.46,2.18
WASP-73 b,15.917,2.55
WASP-74 b,15.244,1.42
WASP-75 b,14.235,1.26
WASP-76 b,20.512,1.73
WASP-77 A b,13.787,0.91
WASP-78 b,21.633,2.46
WASP-79 b,18.719,1.6
WASP-8 b,12.666,1.03
WASP-80 b,11.198,0.59
WASP-81 b,16.018,1.28
WASP-82 b,18.159,2.1
WASP-83 b,11.657,1.05
WASP-84 b,10.72,0.75
WASP-84 c,1.95,0.75
WASP-85 A b,13.899,0.94
WASP-87 b,15.524,1.63
WASP-88 b,16.365,1.8
WASP-89 b,11.657,0.88
WASP-90 b,18.271,1.98
WASP-91 b,11.545,0.86
WASP-92 b,16.376,1.34
WASP-93 b,17.901,1.52
WASP-94 A b,17.71,1.48
WASP-95 b,13.787,1.23
WASP-96 b,13.45,1.05
WASP-97 b,12.778,1.08
WASP-98 b,12.823,0.74
WASP-99 b,11.433,1.64
WD 1856+534 b,10.4,0.01
WTS-1 b,16.7,1.15
WTS-2 b,15.278,0.75
Wendelstein-1 b,11.561,0.61
Wendelstein-2 b,12.993,0.66
Wolf 503 b,2.043,0.69
XO-1 b,12.778,0.88
XO-2 N b,11.131,0.99
XO-3 b,15.805,1.54
XO-4 b,14.011,1.45
XO-5 b,12.78,1.13
XO-6 b,23.203,1.93
XO-7 b,15.39,1.48
pi Men c,2.06,1.19
